,0
0,/home/sam/moria/enterobase_db/ESC_NA9823AA_AS.fasta
1,/home/sam/moria/enterobase_db/ESC_OA4841AA_AS.fasta
2,/home/sam/moria/enterobase_db/ESC_IA2082AA_AS.fasta
3,/home/sam/moria/enterobase_db/ESC_GA5973AA_AS.fasta
4,/home/sam/moria/enterobase_db/ESC_PA1165AA_AS.fasta
5,/home/sam/moria/enterobase_db/ESC_KA2380AA_AS.fasta
6,/home/sam/moria/enterobase_db/ESC_PA0681AA_AS.fasta
7,/home/sam/moria/enterobase_db/ESC_MA3233AA_AS.fasta
8,/home/sam/moria/enterobase_db/ESC_NA3781AA_AS.fasta
9,/home/sam/moria/enterobase_db/ESC_OA1842AA_AS.fasta
10,/home/sam/moria/enterobase_db/ESC_KA8796AA_AS.fasta
11,/home/sam/moria/enterobase_db/ESC_CA3615AA_AS.fasta
12,/home/sam/moria/enterobase_db/ESC_GA5964AA_AS.fasta
13,/home/sam/moria/enterobase_db/ESC_GA5971AA_AS.fasta
14,/home/sam/moria/enterobase_db/ESC_OA4425AA_AS.fasta
15,/home/sam/moria/enterobase_db/ESC_GA5974AA_AS.fasta
16,/home/sam/moria/enterobase_db/ESC_GA5956AA_AS.fasta
17,/home/sam/moria/enterobase_db/ESC_OA1855AA_AS.fasta
18,/home/sam/moria/enterobase_db/ESC_PA1997AA_AS.fasta
19,/home/sam/moria/enterobase_db/ESC_IA2095AA_AS.fasta
20,/home/sam/moria/enterobase_db/ESC_GA5957AA_AS.fasta
21,/home/sam/moria/enterobase_db/ESC_PA2297AA_AS.fasta
22,/home/sam/moria/enterobase_db/ESC_NA3724AA_AS.fasta
23,/home/sam/moria/enterobase_db/ESC_NA6229AA_AS.fasta
24,/home/sam/moria/enterobase_db/ESC_MA7824AA_AS.fasta
25,/home/sam/moria/enterobase_db/ESC_NA8891AA_AS.fasta
26,/home/sam/moria/enterobase_db/ESC_NA6234AA_AS.fasta
27,/home/sam/moria/enterobase_db/ESC_PA0592AA_AS.fasta
28,/home/sam/moria/enterobase_db/ESC_LA3445AA_AS.fasta
29,/home/sam/moria/enterobase_db/ESC_LA3405AA_AS.fasta
30,/home/sam/moria/enterobase_db/ESC_LA3500AA_AS.fasta
31,/home/sam/moria/enterobase_db/ESC_NA8941AA_AS.fasta
32,/home/sam/moria/enterobase_db/ESC_GA6041AA_AS.fasta
33,/home/sam/moria/enterobase_db/ESC_PA0677AA_AS.fasta
34,/home/sam/moria/enterobase_db/ESC_GA6030AA_AS.fasta
35,/home/sam/moria/enterobase_db/ESC_MA7823AA_AS.fasta
36,/home/sam/moria/enterobase_db/ESC_OA5252AA_AS.fasta
37,/home/sam/moria/enterobase_db/ESC_GA6020AA_AS.fasta
38,/home/sam/moria/enterobase_db/ESC_PA0581AA_AS.fasta
39,/home/sam/moria/enterobase_db/ESC_KA2802AA_AS.fasta
40,/home/sam/moria/enterobase_db/ESC_GA5880AA_AS.fasta
41,/home/sam/moria/enterobase_db/ESC_HA8836AA_AS.fasta
42,/home/sam/moria/enterobase_db/ESC_NA8927AA_AS.fasta
43,/home/sam/moria/enterobase_db/ESC_NA6228AA_AS.fasta
44,/home/sam/moria/enterobase_db/ESC_GA6046AA_AS.fasta
45,/home/sam/moria/enterobase_db/ESC_KA2796AA_AS.fasta
46,/home/sam/moria/enterobase_db/ESC_NA6071AA_AS.fasta
47,/home/sam/moria/enterobase_db/ESC_GA6085AA_AS.fasta
48,/home/sam/moria/enterobase_db/ESC_AA8669AA_AS.fasta
49,/home/sam/moria/enterobase_db/ESC_NA9331AA_AS.fasta
50,/home/sam/moria/enterobase_db/ESC_OA5241AA_AS.fasta
51,/home/sam/moria/enterobase_db/ESC_GA5966AA_AS.fasta
52,/home/sam/moria/enterobase_db/ESC_OA1807AA_AS.fasta
53,/home/sam/moria/enterobase_db/ESC_GA6008AA_AS.fasta
54,/home/sam/moria/enterobase_db/ESC_NA8934AA_AS.fasta
55,/home/sam/moria/enterobase_db/ESC_HA2580AA_AS.fasta
56,/home/sam/moria/enterobase_db/ESC_OA1831AA_AS.fasta
57,/home/sam/moria/enterobase_db/ESC_NA9302AA_AS.fasta
58,/home/sam/moria/enterobase_db/ESC_OA1832AA_AS.fasta
59,/home/sam/moria/enterobase_db/ESC_KA8823AA_AS.fasta
60,/home/sam/moria/enterobase_db/ESC_OA1804AA_AS.fasta
61,/home/sam/moria/enterobase_db/ESC_LA3313AA_AS.fasta
62,/home/sam/moria/enterobase_db/ESC_MA9501AA_AS.fasta
63,/home/sam/moria/enterobase_db/ESC_GA5870AA_AS.fasta
64,/home/sam/moria/enterobase_db/ESC_LA3328AA_AS.fasta
65,/home/sam/moria/enterobase_db/ESC_KA8805AA_AS.fasta
66,/home/sam/moria/enterobase_db/ESC_GA5864AA_AS.fasta
67,/home/sam/moria/enterobase_db/ESC_OA5063AA_AS.fasta
68,/home/sam/moria/enterobase_db/ESC_PA0635AA_AS.fasta
69,/home/sam/moria/enterobase_db/ESC_MA7828AA_AS.fasta
70,/home/sam/moria/enterobase_db/ESC_NA8882AA_AS.fasta
71,/home/sam/moria/enterobase_db/ESC_NA9829AA_AS.fasta
72,/home/sam/moria/enterobase_db/ESC_GA6045AA_AS.fasta
73,/home/sam/moria/enterobase_db/ESC_GA5903AA_AS.fasta
74,/home/sam/moria/enterobase_db/ESC_GA0688AA_AS.fasta
75,/home/sam/moria/enterobase_db/ESC_MA3219AA_AS.fasta
76,/home/sam/moria/enterobase_db/ESC_GA6087AA_AS.fasta
77,/home/sam/moria/enterobase_db/ESC_NA8915AA_AS.fasta
78,/home/sam/moria/enterobase_db/ESC_GA6001AA_AS.fasta
79,/home/sam/moria/enterobase_db/ESC_GA5877AA_AS.fasta
80,/home/sam/moria/enterobase_db/ESC_PA0963AA_AS.fasta
81,/home/sam/moria/enterobase_db/ESC_OA1825AA_AS.fasta
82,/home/sam/moria/enterobase_db/ESC_GA5929AA_AS.fasta
83,/home/sam/moria/enterobase_db/ESC_LA9182AA_AS.fasta
84,/home/sam/moria/enterobase_db/ESC_OA4430AA_AS.fasta
85,/home/sam/moria/enterobase_db/ESC_PA0670AA_AS.fasta
86,/home/sam/moria/enterobase_db/ESC_PA3596AA_AS.fasta
87,/home/sam/moria/enterobase_db/ESC_PA2245AA_AS.fasta
88,/home/sam/moria/enterobase_db/ESC_GA6036AA_AS.fasta
89,/home/sam/moria/enterobase_db/ESC_LA3326AA_AS.fasta
90,/home/sam/moria/enterobase_db/ESC_GA5887AA_AS.fasta
91,/home/sam/moria/enterobase_db/ESC_NA8939AA_AS.fasta
92,/home/sam/moria/enterobase_db/ESC_HA6219AA_AS.fasta
93,/home/sam/moria/enterobase_db/ESC_OA1808AA_AS.fasta
94,/home/sam/moria/enterobase_db/ESC_NA5388AA_AS.fasta
95,/home/sam/moria/enterobase_db/ESC_GA5980AA_AS.fasta
96,/home/sam/moria/enterobase_db/ESC_NA6238AA_AS.fasta
97,/home/sam/moria/enterobase_db/ESC_IA7989AA_AS.fasta
98,/home/sam/moria/enterobase_db/ESC_OA1642AA_AS.fasta
99,/home/sam/moria/enterobase_db/ESC_HA2574AA_AS.fasta
100,/home/sam/moria/enterobase_db/ESC_NA6218AA_AS.fasta
101,/home/sam/moria/enterobase_db/ESC_NA3166AA_AS.fasta
102,/home/sam/moria/enterobase_db/ESC_NA9810AA_AS.fasta
103,/home/sam/moria/enterobase_db/ESC_MA2719AA_AS.fasta
104,/home/sam/moria/enterobase_db/ESC_IA2069AA_AS.fasta
105,/home/sam/moria/enterobase_db/ESC_MA7826AA_AS.fasta
106,/home/sam/moria/enterobase_db/ESC_OA4843AA_AS.fasta
107,/home/sam/moria/enterobase_db/ESC_GA6028AA_AS.fasta
108,/home/sam/moria/enterobase_db/ESC_PA0593AA_AS.fasta
109,/home/sam/moria/enterobase_db/ESC_KA2560AA_AS.fasta
110,/home/sam/moria/enterobase_db/ESC_OA0838AA_AS.fasta
111,/home/sam/moria/enterobase_db/ESC_NA8548AA_AS.fasta
112,/home/sam/moria/enterobase_db/ESC_NA9805AA_AS.fasta
113,/home/sam/moria/enterobase_db/ESC_NA7550AA_AS.fasta
114,/home/sam/moria/enterobase_db/ESC_PA1216AA_AS.fasta
115,/home/sam/moria/enterobase_db/ESC_OA1812AA_AS.fasta
116,/home/sam/moria/enterobase_db/ESC_IA7965AA_AS.fasta
117,/home/sam/moria/enterobase_db/ESC_NA9790AA_AS.fasta
118,/home/sam/moria/enterobase_db/ESC_LA3446AA_AS.fasta
119,/home/sam/moria/enterobase_db/ESC_NA8466AA_AS.fasta
120,/home/sam/moria/enterobase_db/ESC_NA8913AA_AS.fasta
121,/home/sam/moria/enterobase_db/ESC_OA1847AA_AS.fasta
122,/home/sam/moria/enterobase_db/ESC_PA0609AA_AS.fasta
123,/home/sam/moria/enterobase_db/ESC_LA3316AA_AS.fasta
124,/home/sam/moria/enterobase_db/ESC_IA2028AA_AS.fasta
125,/home/sam/moria/enterobase_db/ESC_MA7548AA_AS.fasta
126,/home/sam/moria/enterobase_db/ESC_KA7820AA_AS.fasta
127,/home/sam/moria/enterobase_db/ESC_PA1363AA_AS.fasta
128,/home/sam/moria/enterobase_db/ESC_PA1449AA_AS.fasta
129,/home/sam/moria/enterobase_db/ESC_LA3454AA_AS.fasta
130,/home/sam/moria/enterobase_db/ESC_NA9325AA_AS.fasta
131,/home/sam/moria/enterobase_db/ESC_NA9301AA_AS.fasta
132,/home/sam/moria/enterobase_db/ESC_PA0631AA_AS.fasta
133,/home/sam/moria/enterobase_db/ESC_NA9824AA_AS.fasta
134,/home/sam/moria/enterobase_db/ESC_MA7827AA_AS.fasta
135,/home/sam/moria/enterobase_db/ESC_LA3447AA_AS.fasta
136,/home/sam/moria/enterobase_db/ESC_GA6088AA_AS.fasta
137,/home/sam/moria/enterobase_db/ESC_PA0814AA_AS.fasta
138,/home/sam/moria/enterobase_db/ESC_LA3450AA_AS.fasta
139,/home/sam/moria/enterobase_db/ESC_LA3341AA_AS.fasta
140,/home/sam/moria/enterobase_db/ESC_GA5934AA_AS.fasta
141,/home/sam/moria/enterobase_db/ESC_MA3419AA_AS.fasta
142,/home/sam/moria/enterobase_db/ESC_MA7861AA_AS.fasta
143,/home/sam/moria/enterobase_db/ESC_MA3177AA_AS.fasta
144,/home/sam/moria/enterobase_db/ESC_GA6055AA_AS.fasta
145,/home/sam/moria/enterobase_db/ESC_NA5207AA_AS.fasta
146,/home/sam/moria/enterobase_db/ESC_NA9806AA_AS.fasta
147,/home/sam/moria/enterobase_db/ESC_OA5249AA_AS.fasta
148,/home/sam/moria/enterobase_db/ESC_LA3397AA_AS.fasta
149,/home/sam/moria/enterobase_db/ESC_OA1639AA_AS.fasta
150,/home/sam/moria/enterobase_db/ESC_GA5983AA_AS.fasta
151,/home/sam/moria/enterobase_db/ESC_OA1861AA_AS.fasta
152,/home/sam/moria/enterobase_db/ESC_KA7036AA_AS.fasta
153,/home/sam/moria/enterobase_db/ESC_OA1138AA_AS.fasta
154,/home/sam/moria/enterobase_db/ESC_GA5865AA_AS.fasta
155,/home/sam/moria/enterobase_db/ESC_IA7991AA_AS.fasta
156,/home/sam/moria/enterobase_db/ESC_GA6050AA_AS.fasta
157,/home/sam/moria/enterobase_db/ESC_IA2029AA_AS.fasta
158,/home/sam/moria/enterobase_db/ESC_PA0599AA_AS.fasta
159,/home/sam/moria/enterobase_db/ESC_NA6232AA_AS.fasta
160,/home/sam/moria/enterobase_db/ESC_NA8938AA_AS.fasta
161,/home/sam/moria/enterobase_db/ESC_LA3440AA_AS.fasta
162,/home/sam/moria/enterobase_db/ESC_LA3465AA_AS.fasta
163,/home/sam/moria/enterobase_db/ESC_NA9321AA_AS.fasta
164,/home/sam/moria/enterobase_db/ESC_OA1859AA_AS.fasta
165,/home/sam/moria/enterobase_db/ESC_PA0610AA_AS.fasta
166,/home/sam/moria/enterobase_db/ESC_MA2953AA_AS.fasta
167,/home/sam/moria/enterobase_db/ESC_NA9334AA_AS.fasta
168,/home/sam/moria/enterobase_db/ESC_LA3349AA_AS.fasta
169,/home/sam/moria/enterobase_db/ESC_GA5941AA_AS.fasta
170,/home/sam/moria/enterobase_db/ESC_GA6000AA_AS.fasta
171,/home/sam/moria/enterobase_db/ESC_MA7543AA_AS.fasta
172,/home/sam/moria/enterobase_db/ESC_MA3522AA_AS.fasta
173,/home/sam/moria/enterobase_db/ESC_NA9308AA_AS.fasta
174,/home/sam/moria/enterobase_db/ESC_PA0601AA_AS.fasta
175,/home/sam/moria/enterobase_db/ESC_OA1850AA_AS.fasta
176,/home/sam/moria/enterobase_db/ESC_OA1856AA_AS.fasta
177,/home/sam/moria/enterobase_db/ESC_NA3163AA_AS.fasta
178,/home/sam/moria/enterobase_db/ESC_MA8490AA_AS.fasta
179,/home/sam/moria/enterobase_db/ESC_HA2540AA_AS.fasta
180,/home/sam/moria/enterobase_db/ESC_JA3378AA_AS.fasta
181,/home/sam/moria/enterobase_db/ESC_OA5233AA_AS.fasta
182,/home/sam/moria/enterobase_db/ESC_NA5787AA_AS.fasta
183,/home/sam/moria/enterobase_db/ESC_LA3505AA_AS.fasta
184,/home/sam/moria/enterobase_db/ESC_IA7994AA_AS.fasta
185,/home/sam/moria/enterobase_db/ESC_MA7542AA_AS.fasta
186,/home/sam/moria/enterobase_db/ESC_NA9800AA_AS.fasta
187,/home/sam/moria/enterobase_db/ESC_PA0656AA_AS.fasta
188,/home/sam/moria/enterobase_db/ESC_MA7539AA_AS.fasta
189,/home/sam/moria/enterobase_db/ESC_NA8923AA_AS.fasta
190,/home/sam/moria/enterobase_db/ESC_LA8294AA_AS.fasta
191,/home/sam/moria/enterobase_db/ESC_NA3752AA_AS.fasta
192,/home/sam/moria/enterobase_db/ESC_NA7551AA_AS.fasta
193,/home/sam/moria/enterobase_db/ESC_GA6070AA_AS.fasta
194,/home/sam/moria/enterobase_db/ESC_LA3345AA_AS.fasta
195,/home/sam/moria/enterobase_db/ESC_NA8916AA_AS.fasta
196,/home/sam/moria/enterobase_db/ESC_OA5094AA_AS.fasta
197,/home/sam/moria/enterobase_db/ESC_PA1222AA_AS.fasta
198,/home/sam/moria/enterobase_db/ESC_PA0597AA_AS.fasta
199,/home/sam/moria/enterobase_db/ESC_MA2722AA_AS.fasta
200,/home/sam/moria/enterobase_db/ESC_NA9821AA_AS.fasta
201,/home/sam/moria/enterobase_db/ESC_GA5923AA_AS.fasta
202,/home/sam/moria/enterobase_db/ESC_IA2079AA_AS.fasta
203,/home/sam/moria/enterobase_db/ESC_OA4420AA_AS.fasta
204,/home/sam/moria/enterobase_db/ESC_LA3327AA_AS.fasta
205,/home/sam/moria/enterobase_db/ESC_LA6480AA_AS.fasta
206,/home/sam/moria/enterobase_db/ESC_LA3342AA_AS.fasta
207,/home/sam/moria/enterobase_db/ESC_OA1686AA_AS.fasta
208,/home/sam/moria/enterobase_db/ESC_LA3334AA_AS.fasta
209,/home/sam/moria/enterobase_db/ESC_IA7963AA_AS.fasta
210,/home/sam/moria/enterobase_db/ESC_NA8871AA_AS.fasta
211,/home/sam/moria/enterobase_db/ESC_IA2036AA_AS.fasta
212,/home/sam/moria/enterobase_db/ESC_OA0839AA_AS.fasta
213,/home/sam/moria/enterobase_db/ESC_OA4457AA_AS.fasta
214,/home/sam/moria/enterobase_db/ESC_GA5946AA_AS.fasta
215,/home/sam/moria/enterobase_db/ESC_PA0665AA_AS.fasta
216,/home/sam/moria/enterobase_db/ESC_NA9827AA_AS.fasta
217,/home/sam/moria/enterobase_db/ESC_NA9326AA_AS.fasta
218,/home/sam/moria/enterobase_db/ESC_GA5947AA_AS.fasta
219,/home/sam/moria/enterobase_db/ESC_NA3779AA_AS.fasta
220,/home/sam/moria/enterobase_db/ESC_OA5238AA_AS.fasta
221,/home/sam/moria/enterobase_db/ESC_IA2026AA_AS.fasta
222,/home/sam/moria/enterobase_db/ESC_PA0689AA_AS.fasta
223,/home/sam/moria/enterobase_db/ESC_OA5255AA_AS.fasta
224,/home/sam/moria/enterobase_db/ESC_OA4857AA_AS.fasta
225,/home/sam/moria/enterobase_db/ESC_LA3519AA_AS.fasta
226,/home/sam/moria/enterobase_db/ESC_LA3439AA_AS.fasta
227,/home/sam/moria/enterobase_db/ESC_PA0671AA_AS.fasta
228,/home/sam/moria/enterobase_db/ESC_PA0624AA_AS.fasta
229,/home/sam/moria/enterobase_db/ESC_MA3227AA_AS.fasta
230,/home/sam/moria/enterobase_db/ESC_MA3224AA_AS.fasta
231,/home/sam/moria/enterobase_db/ESC_LA3335AA_AS.fasta
232,/home/sam/moria/enterobase_db/ESC_OA5240AA_AS.fasta
233,/home/sam/moria/enterobase_db/ESC_MA2713AA_AS.fasta
234,/home/sam/moria/enterobase_db/ESC_PA3658AA_AS.fasta
235,/home/sam/moria/enterobase_db/ESC_MA9479AA_AS.fasta
236,/home/sam/moria/enterobase_db/ESC_GA5927AA_AS.fasta
237,/home/sam/moria/enterobase_db/ESC_GA5985AA_AS.fasta
238,/home/sam/moria/enterobase_db/ESC_PA0617AA_AS.fasta
239,/home/sam/moria/enterobase_db/ESC_NA5991AA_AS.fasta
240,/home/sam/moria/enterobase_db/ESC_PA0686AA_AS.fasta
241,/home/sam/moria/enterobase_db/ESC_NA8580AA_AS.fasta
242,/home/sam/moria/enterobase_db/ESC_KA2324AA_AS.fasta
243,/home/sam/moria/enterobase_db/ESC_KA8791AA_AS.fasta
244,/home/sam/moria/enterobase_db/ESC_NA9295AA_AS.fasta
245,/home/sam/moria/enterobase_db/ESC_LA3449AA_AS.fasta
246,/home/sam/moria/enterobase_db/ESC_PA0604AA_AS.fasta
247,/home/sam/moria/enterobase_db/ESC_PA2272AA_AS.fasta
248,/home/sam/moria/enterobase_db/ESC_PA0621AA_AS.fasta
249,/home/sam/moria/enterobase_db/ESC_NA3768AA_AS.fasta
250,/home/sam/moria/enterobase_db/ESC_LA6380AA_AS.fasta
251,/home/sam/moria/enterobase_db/ESC_OA1811AA_AS.fasta
252,/home/sam/moria/enterobase_db/ESC_GA6074AA_AS.fasta
253,/home/sam/moria/enterobase_db/ESC_GA6018AA_AS.fasta
254,/home/sam/moria/enterobase_db/ESC_NA6223AA_AS.fasta
255,/home/sam/moria/enterobase_db/ESC_PA0688AA_AS.fasta
256,/home/sam/moria/enterobase_db/ESC_LA3468AA_AS.fasta
257,/home/sam/moria/enterobase_db/ESC_OA4855AA_AS.fasta
258,/home/sam/moria/enterobase_db/ESC_NA8586AA_AS.fasta
259,/home/sam/moria/enterobase_db/ESC_GA5893AA_AS.fasta
260,/home/sam/moria/enterobase_db/ESC_MA5401AA_AS.fasta
261,/home/sam/moria/enterobase_db/ESC_OA4842AA_AS.fasta
262,/home/sam/moria/enterobase_db/ESC_MA9067AA_AS.fasta
263,/home/sam/moria/enterobase_db/ESC_NA8870AA_AS.fasta
264,/home/sam/moria/enterobase_db/ESC_MA3417AA_AS.fasta
265,/home/sam/moria/enterobase_db/ESC_NA5206AA_AS.fasta
266,/home/sam/moria/enterobase_db/ESC_OA1791AA_AS.fasta
267,/home/sam/moria/enterobase_db/ESC_LA3399AA_AS.fasta
268,/home/sam/moria/enterobase_db/ESC_PA0660AA_AS.fasta
269,/home/sam/moria/enterobase_db/ESC_OA5243AA_AS.fasta
270,/home/sam/moria/enterobase_db/ESC_LA3340AA_AS.fasta
271,/home/sam/moria/enterobase_db/ESC_MA2715AA_AS.fasta
272,/home/sam/moria/enterobase_db/ESC_LA3427AA_AS.fasta
273,/home/sam/moria/enterobase_db/ESC_IA2049AA_AS.fasta
274,/home/sam/moria/enterobase_db/ESC_LA3404AA_AS.fasta
275,/home/sam/moria/enterobase_db/ESC_LA3521AA_AS.fasta
276,/home/sam/moria/enterobase_db/ESC_HA6205AA_AS.fasta
277,/home/sam/moria/enterobase_db/ESC_GA5876AA_AS.fasta
278,/home/sam/moria/enterobase_db/ESC_NA3769AA_AS.fasta
279,/home/sam/moria/enterobase_db/ESC_NA3755AA_AS.fasta
280,/home/sam/moria/enterobase_db/ESC_MA7544AA_AS.fasta
281,/home/sam/moria/enterobase_db/ESC_KA8798AA_AS.fasta
282,/home/sam/moria/enterobase_db/ESC_MA7546AA_AS.fasta
283,/home/sam/moria/enterobase_db/ESC_KA9862AA_AS.fasta
284,/home/sam/moria/enterobase_db/ESC_OA1682AA_AS.fasta
285,/home/sam/moria/enterobase_db/ESC_LA6361AA_AS.fasta
286,/home/sam/moria/enterobase_db/ESC_NA8889AA_AS.fasta
287,/home/sam/moria/enterobase_db/ESC_GA6007AA_AS.fasta
288,/home/sam/moria/enterobase_db/ESC_NA3167AA_AS.fasta
289,/home/sam/moria/enterobase_db/ESC_GA5988AA_AS.fasta
290,/home/sam/moria/enterobase_db/ESC_HA3013AA_AS.fasta
291,/home/sam/moria/enterobase_db/ESC_OA5088AA_AS.fasta
292,/home/sam/moria/enterobase_db/ESC_NA3789AA_AS.fasta
293,/home/sam/moria/enterobase_db/ESC_LA3423AA_AS.fasta
294,/home/sam/moria/enterobase_db/ESC_NA7538AA_AS.fasta
295,/home/sam/moria/enterobase_db/ESC_PA1378AA_AS.fasta
296,/home/sam/moria/enterobase_db/ESC_LA1583AA_AS.fasta
297,/home/sam/moria/enterobase_db/ESC_PA2590AA_AS.fasta
298,/home/sam/moria/enterobase_db/ESC_PA1367AA_AS.fasta
299,/home/sam/moria/enterobase_db/ESC_NA6239AA_AS.fasta
300,/home/sam/moria/enterobase_db/ESC_LA3417AA_AS.fasta
301,/home/sam/moria/enterobase_db/ESC_OA1829AA_AS.fasta
302,/home/sam/moria/enterobase_db/ESC_PA2290AA_AS.fasta
303,/home/sam/moria/enterobase_db/ESC_IA2085AA_AS.fasta
304,/home/sam/moria/enterobase_db/ESC_GA6078AA_AS.fasta
305,/home/sam/moria/enterobase_db/ESC_NA8931AA_AS.fasta
306,/home/sam/moria/enterobase_db/ESC_PA1376AA_AS.fasta
307,/home/sam/moria/enterobase_db/ESC_MA9453AA_AS.fasta
308,/home/sam/moria/enterobase_db/ESC_MA2716AA_AS.fasta
309,/home/sam/moria/enterobase_db/ESC_OA5247AA_AS.fasta
310,/home/sam/moria/enterobase_db/ESC_MA3178AA_AS.fasta
311,/home/sam/moria/enterobase_db/ESC_KA9902AA_AS.fasta
312,/home/sam/moria/enterobase_db/ESC_PA0682AA_AS.fasta
313,/home/sam/moria/enterobase_db/ESC_GA5994AA_AS.fasta
314,/home/sam/moria/enterobase_db/ESC_IA2074AA_AS.fasta
315,/home/sam/moria/enterobase_db/ESC_OA2513AA_AS.fasta
316,/home/sam/moria/enterobase_db/ESC_LA9695AA_AS.fasta
317,/home/sam/moria/enterobase_db/ESC_PA1888AA_AS.fasta
318,/home/sam/moria/enterobase_db/ESC_IA2077AA_AS.fasta
319,/home/sam/moria/enterobase_db/ESC_LA3428AA_AS.fasta
320,/home/sam/moria/enterobase_db/ESC_PA0584AA_AS.fasta
321,/home/sam/moria/enterobase_db/ESC_LA3321AA_AS.fasta
322,/home/sam/moria/enterobase_db/ESC_NA8926AA_AS.fasta
323,/home/sam/moria/enterobase_db/ESC_NA9300AA_AS.fasta
324,/home/sam/moria/enterobase_db/ESC_NA6227AA_AS.fasta
325,/home/sam/moria/enterobase_db/ESC_LA3475AA_AS.fasta
326,/home/sam/moria/enterobase_db/ESC_NA9826AA_AS.fasta
327,/home/sam/moria/enterobase_db/ESC_PA0821AA_AS.fasta
328,/home/sam/moria/enterobase_db/ESC_PA2270AA_AS.fasta
329,/home/sam/moria/enterobase_db/ESC_GA5954AA_AS.fasta
330,/home/sam/moria/enterobase_db/ESC_OA1846AA_AS.fasta
331,/home/sam/moria/enterobase_db/ESC_OA4671AA_AS.fasta
332,/home/sam/moria/enterobase_db/ESC_BA7439AA_AS.fasta
333,/home/sam/moria/enterobase_db/ESC_LA3312AA_AS.fasta
334,/home/sam/moria/enterobase_db/ESC_MA8480AA_AS.fasta
335,/home/sam/moria/enterobase_db/ESC_GA5998AA_AS.fasta
336,/home/sam/moria/enterobase_db/ESC_GA5931AA_AS.fasta
337,/home/sam/moria/enterobase_db/ESC_NA8919AA_AS.fasta
338,/home/sam/moria/enterobase_db/ESC_GA5950AA_AS.fasta
339,/home/sam/moria/enterobase_db/ESC_NA6214AA_AS.fasta
340,/home/sam/moria/enterobase_db/ESC_GA6016AA_AS.fasta
341,/home/sam/moria/enterobase_db/ESC_GA6086AA_AS.fasta
342,/home/sam/moria/enterobase_db/ESC_PA0596AA_AS.fasta
343,/home/sam/moria/enterobase_db/ESC_MA3229AA_AS.fasta
344,/home/sam/moria/enterobase_db/ESC_OA1687AA_AS.fasta
345,/home/sam/moria/enterobase_db/ESC_OA4429AA_AS.fasta
346,/home/sam/moria/enterobase_db/ESC_IA7977AA_AS.fasta
347,/home/sam/moria/enterobase_db/ESC_HA3012AA_AS.fasta
348,/home/sam/moria/enterobase_db/ESC_NA9311AA_AS.fasta
349,/home/sam/moria/enterobase_db/ESC_NA6221AA_AS.fasta
350,/home/sam/moria/enterobase_db/ESC_NA8873AA_AS.fasta
351,/home/sam/moria/enterobase_db/ESC_NA9816AA_AS.fasta
352,/home/sam/moria/enterobase_db/ESC_GA5905AA_AS.fasta
353,/home/sam/moria/enterobase_db/ESC_LA3497AA_AS.fasta
354,/home/sam/moria/enterobase_db/ESC_GA5889AA_AS.fasta
355,/home/sam/moria/enterobase_db/ESC_PA0676AA_AS.fasta
356,/home/sam/moria/enterobase_db/ESC_GA6056AA_AS.fasta
357,/home/sam/moria/enterobase_db/ESC_OA1638AA_AS.fasta
358,/home/sam/moria/enterobase_db/ESC_PA0662AA_AS.fasta
359,/home/sam/moria/enterobase_db/ESC_MA3234AA_AS.fasta
360,/home/sam/moria/enterobase_db/ESC_GA5884AA_AS.fasta
361,/home/sam/moria/enterobase_db/ESC_NA8929AA_AS.fasta
362,/home/sam/moria/enterobase_db/ESC_IA2035AA_AS.fasta
363,/home/sam/moria/enterobase_db/ESC_LA3520AA_AS.fasta
364,/home/sam/moria/enterobase_db/ESC_OA1849AA_AS.fasta
365,/home/sam/moria/enterobase_db/ESC_LA0205AA_AS.fasta
366,/home/sam/moria/enterobase_db/ESC_OA0431AA_AS.fasta
367,/home/sam/moria/enterobase_db/ESC_MA7858AA_AS.fasta
368,/home/sam/moria/enterobase_db/ESC_OA4859AA_AS.fasta
369,/home/sam/moria/enterobase_db/ESC_NA9812AA_AS.fasta
370,/home/sam/moria/enterobase_db/ESC_OA5234AA_AS.fasta
371,/home/sam/moria/enterobase_db/ESC_GA6063AA_AS.fasta
372,/home/sam/moria/enterobase_db/ESC_OA4803AA_AS.fasta
373,/home/sam/moria/enterobase_db/ESC_NA7540AA_AS.fasta
374,/home/sam/moria/enterobase_db/ESC_LA6568AA_AS.fasta
375,/home/sam/moria/enterobase_db/ESC_NA3727AA_AS.fasta
376,/home/sam/moria/enterobase_db/ESC_NA8921AA_AS.fasta
377,/home/sam/moria/enterobase_db/ESC_OA5232AA_AS.fasta
378,/home/sam/moria/enterobase_db/ESC_MA8478AA_AS.fasta
379,/home/sam/moria/enterobase_db/ESC_OA5089AA_AS.fasta
380,/home/sam/moria/enterobase_db/ESC_IA2096AA_AS.fasta
381,/home/sam/moria/enterobase_db/ESC_NA2324AA_AS.fasta
382,/home/sam/moria/enterobase_db/ESC_NA9832AA_AS.fasta
383,/home/sam/moria/enterobase_db/ESC_GA5910AA_AS.fasta
384,/home/sam/moria/enterobase_db/ESC_PA1168AA_AS.fasta
385,/home/sam/moria/enterobase_db/ESC_PA0667AA_AS.fasta
386,/home/sam/moria/enterobase_db/ESC_PA0815AA_AS.fasta
387,/home/sam/moria/enterobase_db/ESC_PA3597AA_AS.fasta
388,/home/sam/moria/enterobase_db/ESC_GA8611AA_AS.fasta
389,/home/sam/moria/enterobase_db/ESC_MA3422AA_AS.fasta
390,/home/sam/moria/enterobase_db/ESC_NA8587AA_AS.fasta
391,/home/sam/moria/enterobase_db/ESC_NA8956AA_AS.fasta
392,/home/sam/moria/enterobase_db/ESC_OA1823AA_AS.fasta
393,/home/sam/moria/enterobase_db/ESC_LA3432AA_AS.fasta
394,/home/sam/moria/enterobase_db/ESC_PA1169AA_AS.fasta
395,/home/sam/moria/enterobase_db/ESC_IA2087AA_AS.fasta
396,/home/sam/moria/enterobase_db/ESC_IA2031AA_AS.fasta
397,/home/sam/moria/enterobase_db/ESC_NA9813AA_AS.fasta
398,/home/sam/moria/enterobase_db/ESC_NA8968AA_AS.fasta
399,/home/sam/moria/enterobase_db/ESC_OA1815AA_AS.fasta
400,/home/sam/moria/enterobase_db/ESC_OA1137AA_AS.fasta
401,/home/sam/moria/enterobase_db/ESC_GA5867AA_AS.fasta
402,/home/sam/moria/enterobase_db/ESC_PA2274AA_AS.fasta
403,/home/sam/moria/enterobase_db/ESC_IA2102AA_AS.fasta
404,/home/sam/moria/enterobase_db/ESC_PA0691AA_AS.fasta
405,/home/sam/moria/enterobase_db/ESC_NA7546AA_AS.fasta
406,/home/sam/moria/enterobase_db/ESC_OA4858AA_AS.fasta
407,/home/sam/moria/enterobase_db/ESC_NA8787AA_AS.fasta
408,/home/sam/moria/enterobase_db/ESC_PA2246AA_AS.fasta
409,/home/sam/moria/enterobase_db/ESC_GA5881AA_AS.fasta
410,/home/sam/moria/enterobase_db/ESC_BA6955AA_AS.fasta
411,/home/sam/moria/enterobase_db/ESC_PA1891AA_AS.fasta
412,/home/sam/moria/enterobase_db/ESC_GA5933AA_AS.fasta
413,/home/sam/moria/enterobase_db/ESC_PA0652AA_AS.fasta
414,/home/sam/moria/enterobase_db/ESC_OA1142AA_AS.fasta
415,/home/sam/moria/enterobase_db/ESC_GA6005AA_AS.fasta
416,/home/sam/moria/enterobase_db/ESC_PA0600AA_AS.fasta
417,/home/sam/moria/enterobase_db/ESC_GA5982AA_AS.fasta
418,/home/sam/moria/enterobase_db/ESC_OA4428AA_AS.fasta
419,/home/sam/moria/enterobase_db/ESC_LA3463AA_AS.fasta
420,/home/sam/moria/enterobase_db/ESC_OA2539AA_AS.fasta
421,/home/sam/moria/enterobase_db/ESC_JA4869AA_AS.fasta
422,/home/sam/moria/enterobase_db/ESC_LA1309AA_AS.fasta
423,/home/sam/moria/enterobase_db/ESC_LA3504AA_AS.fasta
424,/home/sam/moria/enterobase_db/ESC_NA3775AA_AS.fasta
425,/home/sam/moria/enterobase_db/ESC_OA5256AA_AS.fasta
426,/home/sam/moria/enterobase_db/ESC_NA8907AA_AS.fasta
427,/home/sam/moria/enterobase_db/ESC_GA6009AA_AS.fasta
428,/home/sam/moria/enterobase_db/ESC_HA8838AA_AS.fasta
429,/home/sam/moria/enterobase_db/ESC_PA0632AA_AS.fasta
430,/home/sam/moria/enterobase_db/ESC_PA0608AA_AS.fasta
431,/home/sam/moria/enterobase_db/ESC_NA8917AA_AS.fasta
432,/home/sam/moria/enterobase_db/ESC_GA6013AA_AS.fasta
433,/home/sam/moria/enterobase_db/ESC_OA1822AA_AS.fasta
434,/home/sam/moria/enterobase_db/ESC_LA3412AA_AS.fasta
435,/home/sam/moria/enterobase_db/ESC_NA3782AA_AS.fasta
436,/home/sam/moria/enterobase_db/ESC_MA3230AA_AS.fasta
437,/home/sam/moria/enterobase_db/ESC_PA2717AA_AS.fasta
438,/home/sam/moria/enterobase_db/ESC_OA0429AA_AS.fasta
439,/home/sam/moria/enterobase_db/ESC_LA6359AA_AS.fasta
440,/home/sam/moria/enterobase_db/ESC_PA0620AA_AS.fasta
441,/home/sam/moria/enterobase_db/ESC_MA2725AA_AS.fasta
442,/home/sam/moria/enterobase_db/ESC_PA3594AA_AS.fasta
443,/home/sam/moria/enterobase_db/ESC_GA6076AA_AS.fasta
444,/home/sam/moria/enterobase_db/ESC_PA0659AA_AS.fasta
445,/home/sam/moria/enterobase_db/ESC_GA5926AA_AS.fasta
446,/home/sam/moria/enterobase_db/ESC_PA0346AA_AS.fasta
447,/home/sam/moria/enterobase_db/ESC_NA2413AA_AS.fasta
448,/home/sam/moria/enterobase_db/ESC_OA5259AA_AS.fasta
449,/home/sam/moria/enterobase_db/ESC_GA5969AA_AS.fasta
450,/home/sam/moria/enterobase_db/ESC_OA4856AA_AS.fasta
451,/home/sam/moria/enterobase_db/ESC_LA3509AA_AS.fasta
452,/home/sam/moria/enterobase_db/ESC_GA6062AA_AS.fasta
453,/home/sam/moria/enterobase_db/ESC_GA5958AA_AS.fasta
454,/home/sam/moria/enterobase_db/ESC_GA6044AA_AS.fasta
455,/home/sam/moria/enterobase_db/ESC_LA3433AA_AS.fasta
456,/home/sam/moria/enterobase_db/ESC_NA8909AA_AS.fasta
457,/home/sam/moria/enterobase_db/ESC_GA5916AA_AS.fasta
458,/home/sam/moria/enterobase_db/ESC_LA3426AA_AS.fasta
459,/home/sam/moria/enterobase_db/ESC_GA5949AA_AS.fasta
460,/home/sam/moria/enterobase_db/ESC_OA1860AA_AS.fasta
461,/home/sam/moria/enterobase_db/ESC_NA8894AA_AS.fasta
462,/home/sam/moria/enterobase_db/ESC_LA3518AA_AS.fasta
463,/home/sam/moria/enterobase_db/ESC_GA6035AA_AS.fasta
464,/home/sam/moria/enterobase_db/ESC_GA5989AA_AS.fasta
465,/home/sam/moria/enterobase_db/ESC_GA6083AA_AS.fasta
466,/home/sam/moria/enterobase_db/ESC_NA9306AA_AS.fasta
467,/home/sam/moria/enterobase_db/ESC_MA8966AA_AS.fasta
468,/home/sam/moria/enterobase_db/ESC_PA0820AA_AS.fasta
469,/home/sam/moria/enterobase_db/ESC_GA6037AA_AS.fasta
470,/home/sam/moria/enterobase_db/ESC_LA3337AA_AS.fasta
471,/home/sam/moria/enterobase_db/ESC_NA6070AA_AS.fasta
472,/home/sam/moria/enterobase_db/ESC_LA8413AA_AS.fasta
473,/home/sam/moria/enterobase_db/ESC_GA5995AA_AS.fasta
474,/home/sam/moria/enterobase_db/ESC_MA3533AA_AS.fasta
475,/home/sam/moria/enterobase_db/ESC_PA0953AA_AS.fasta
476,/home/sam/moria/enterobase_db/ESC_LA3420AA_AS.fasta
477,/home/sam/moria/enterobase_db/ESC_LA6375AA_AS.fasta
478,/home/sam/moria/enterobase_db/ESC_LA3434AA_AS.fasta
479,/home/sam/moria/enterobase_db/ESC_NA8902AA_AS.fasta
480,/home/sam/moria/enterobase_db/ESC_GA5938AA_AS.fasta
481,/home/sam/moria/enterobase_db/ESC_NA8955AA_AS.fasta
482,/home/sam/moria/enterobase_db/ESC_HA2570AA_AS.fasta
483,/home/sam/moria/enterobase_db/ESC_OA4854AA_AS.fasta
484,/home/sam/moria/enterobase_db/ESC_KA8804AA_AS.fasta
485,/home/sam/moria/enterobase_db/ESC_LA3396AA_AS.fasta
486,/home/sam/moria/enterobase_db/ESC_LA9265AA_AS.fasta
487,/home/sam/moria/enterobase_db/ESC_PA1206AA_AS.fasta
488,/home/sam/moria/enterobase_db/ESC_LA3464AA_AS.fasta
489,/home/sam/moria/enterobase_db/ESC_OA1845AA_AS.fasta
490,/home/sam/moria/enterobase_db/ESC_IA2043AA_AS.fasta
491,/home/sam/moria/enterobase_db/ESC_NA8866AA_AS.fasta
492,/home/sam/moria/enterobase_db/ESC_PA0350AA_AS.fasta
493,/home/sam/moria/enterobase_db/ESC_NA7539AA_AS.fasta
494,/home/sam/moria/enterobase_db/ESC_NA3788AA_AS.fasta
495,/home/sam/moria/enterobase_db/ESC_OA1803AA_AS.fasta
496,/home/sam/moria/enterobase_db/ESC_OA1830AA_AS.fasta
497,/home/sam/moria/enterobase_db/ESC_NA6224AA_AS.fasta
498,/home/sam/moria/enterobase_db/ESC_PA0899AA_AS.fasta
499,/home/sam/moria/enterobase_db/ESC_MA3521AA_AS.fasta
500,/home/sam/moria/enterobase_db/ESC_NA8914AA_AS.fasta
501,/home/sam/moria/enterobase_db/ESC_MA3526AA_AS.fasta
502,/home/sam/moria/enterobase_db/ESC_NA7545AA_AS.fasta
503,/home/sam/moria/enterobase_db/ESC_PA1433AA_AS.fasta
504,/home/sam/moria/enterobase_db/ESC_LA3401AA_AS.fasta
505,/home/sam/moria/enterobase_db/ESC_LA3474AA_AS.fasta
506,/home/sam/moria/enterobase_db/ESC_MA1332AA_AS.fasta
507,/home/sam/moria/enterobase_db/ESC_IA2030AA_AS.fasta
508,/home/sam/moria/enterobase_db/ESC_NA8468AA_AS.fasta
509,/home/sam/moria/enterobase_db/ESC_KA2561AA_AS.fasta
510,/home/sam/moria/enterobase_db/ESC_NA9307AA_AS.fasta
511,/home/sam/moria/enterobase_db/ESC_OA1800AA_AS.fasta
512,/home/sam/moria/enterobase_db/ESC_MA7297AA_AS.fasta
513,/home/sam/moria/enterobase_db/ESC_NA8885AA_AS.fasta
514,/home/sam/moria/enterobase_db/ESC_LA3310AA_AS.fasta
515,/home/sam/moria/enterobase_db/ESC_NA8875AA_AS.fasta
516,/home/sam/moria/enterobase_db/ESC_NA8925AA_AS.fasta
517,/home/sam/moria/enterobase_db/ESC_GA5936AA_AS.fasta
518,/home/sam/moria/enterobase_db/ESC_PA1067AA_AS.fasta
519,/home/sam/moria/enterobase_db/ESC_PA0622AA_AS.fasta
520,/home/sam/moria/enterobase_db/ESC_IA2013AA_AS.fasta
521,/home/sam/moria/enterobase_db/ESC_OA4840AA_AS.fasta
522,/home/sam/moria/enterobase_db/ESC_OA4427AA_AS.fasta
523,/home/sam/moria/enterobase_db/ESC_NA8862AA_AS.fasta
524,/home/sam/moria/enterobase_db/ESC_IA2075AA_AS.fasta
525,/home/sam/moria/enterobase_db/ESC_OA1683AA_AS.fasta
526,/home/sam/moria/enterobase_db/ESC_OA1834AA_AS.fasta
527,/home/sam/moria/enterobase_db/ESC_IA8696AA_AS.fasta
528,/home/sam/moria/enterobase_db/ESC_PA0618AA_AS.fasta
529,/home/sam/moria/enterobase_db/ESC_MA3235AA_AS.fasta
530,/home/sam/moria/enterobase_db/ESC_GA5917AA_AS.fasta
531,/home/sam/moria/enterobase_db/ESC_GA6077AA_AS.fasta
532,/home/sam/moria/enterobase_db/ESC_MA8489AA_AS.fasta
533,/home/sam/moria/enterobase_db/ESC_GA6014AA_AS.fasta
534,/home/sam/moria/enterobase_db/ESC_PA0675AA_AS.fasta
535,/home/sam/moria/enterobase_db/ESC_MA3232AA_AS.fasta
536,/home/sam/moria/enterobase_db/ESC_MA7538AA_AS.fasta
537,/home/sam/moria/enterobase_db/ESC_OA4835AA_AS.fasta
538,/home/sam/moria/enterobase_db/ESC_NA8547AA_AS.fasta
539,/home/sam/moria/enterobase_db/ESC_PA0649AA_AS.fasta
540,/home/sam/moria/enterobase_db/ESC_LA3346AA_AS.fasta
541,/home/sam/moria/enterobase_db/ESC_OA1848AA_AS.fasta
542,/home/sam/moria/enterobase_db/ESC_NA8874AA_AS.fasta
543,/home/sam/moria/enterobase_db/ESC_GA6079AA_AS.fasta
544,/home/sam/moria/enterobase_db/ESC_GA5871AA_AS.fasta
545,/home/sam/moria/enterobase_db/ESC_NA3726AA_AS.fasta
546,/home/sam/moria/enterobase_db/ESC_GA5991AA_AS.fasta
547,/home/sam/moria/enterobase_db/ESC_OA5245AA_AS.fasta
548,/home/sam/moria/enterobase_db/ESC_MA8477AA_AS.fasta
549,/home/sam/moria/enterobase_db/ESC_NA9293AA_AS.fasta
550,/home/sam/moria/enterobase_db/ESC_HA2561AA_AS.fasta
551,/home/sam/moria/enterobase_db/ESC_GA5930AA_AS.fasta
552,/home/sam/moria/enterobase_db/ESC_GA5952AA_AS.fasta
553,/home/sam/moria/enterobase_db/ESC_LA3421AA_AS.fasta
554,/home/sam/moria/enterobase_db/ESC_IA2071AA_AS.fasta
555,/home/sam/moria/enterobase_db/ESC_LA3400AA_AS.fasta
556,/home/sam/moria/enterobase_db/ESC_PA1163AA_AS.fasta
557,/home/sam/moria/enterobase_db/ESC_NA6212AA_AS.fasta
558,/home/sam/moria/enterobase_db/ESC_LA3430AA_AS.fasta
559,/home/sam/moria/enterobase_db/ESC_MA1331AA_AS.fasta
560,/home/sam/moria/enterobase_db/ESC_BA7802AA_AS.fasta
561,/home/sam/moria/enterobase_db/ESC_IA2012AA_AS.fasta
562,/home/sam/moria/enterobase_db/ESC_IA2104AA_AS.fasta
563,/home/sam/moria/enterobase_db/ESC_HA2552AA_AS.fasta
564,/home/sam/moria/enterobase_db/ESC_LA3514AA_AS.fasta
565,/home/sam/moria/enterobase_db/ESC_LA3512AA_AS.fasta
566,/home/sam/moria/enterobase_db/ESC_GA5948AA_AS.fasta
567,/home/sam/moria/enterobase_db/ESC_PA0352AA_AS.fasta
568,/home/sam/moria/enterobase_db/ESC_NA8868AA_AS.fasta
569,/home/sam/moria/enterobase_db/ESC_MA7860AA_AS.fasta
570,/home/sam/moria/enterobase_db/ESC_NA8904AA_AS.fasta
571,/home/sam/moria/enterobase_db/ESC_GA5944AA_AS.fasta
572,/home/sam/moria/enterobase_db/ESC_IA7966AA_AS.fasta
573,/home/sam/moria/enterobase_db/ESC_LA3453AA_AS.fasta
574,/home/sam/moria/enterobase_db/ESC_OA4422AA_AS.fasta
575,/home/sam/moria/enterobase_db/ESC_HA8834AA_AS.fasta
576,/home/sam/moria/enterobase_db/ESC_OA1790AA_AS.fasta
577,/home/sam/moria/enterobase_db/ESC_GA6040AA_AS.fasta
578,/home/sam/moria/enterobase_db/ESC_PA0612AA_AS.fasta
579,/home/sam/moria/enterobase_db/ESC_GA5962AA_AS.fasta
580,/home/sam/moria/enterobase_db/ESC_OA5064AA_AS.fasta
581,/home/sam/moria/enterobase_db/ESC_IA2039AA_AS.fasta
582,/home/sam/moria/enterobase_db/ESC_LA3343AA_AS.fasta
583,/home/sam/moria/enterobase_db/ESC_NA8911AA_AS.fasta
584,/home/sam/moria/enterobase_db/ESC_IA7964AA_AS.fasta
585,/home/sam/moria/enterobase_db/ESC_MA2723AA_AS.fasta
586,/home/sam/moria/enterobase_db/ESC_NA9332AA_AS.fasta
587,/home/sam/moria/enterobase_db/ESC_PA2707AA_AS.fasta
588,/home/sam/moria/enterobase_db/ESC_MA8476AA_AS.fasta
589,/home/sam/moria/enterobase_db/ESC_GA5997AA_AS.fasta
590,/home/sam/moria/enterobase_db/ESC_MA2721AA_AS.fasta
591,/home/sam/moria/enterobase_db/ESC_NA8920AA_AS.fasta
592,/home/sam/moria/enterobase_db/ESC_GA5953AA_AS.fasta
593,/home/sam/moria/enterobase_db/ESC_OA1839AA_AS.fasta
594,/home/sam/moria/enterobase_db/ESC_GA5993AA_AS.fasta
595,/home/sam/moria/enterobase_db/ESC_IA2093AA_AS.fasta
596,/home/sam/moria/enterobase_db/ESC_IA7952AA_AS.fasta
597,/home/sam/moria/enterobase_db/ESC_PA0646AA_AS.fasta
598,/home/sam/moria/enterobase_db/ESC_KA8799AA_AS.fasta
599,/home/sam/moria/enterobase_db/ESC_LA6570AA_AS.fasta
600,/home/sam/moria/enterobase_db/ESC_LA3462AA_AS.fasta
601,/home/sam/moria/enterobase_db/ESC_IA2123AA_AS.fasta
602,/home/sam/moria/enterobase_db/ESC_OA5072AA_AS.fasta
603,/home/sam/moria/enterobase_db/ESC_LA3414AA_AS.fasta
604,/home/sam/moria/enterobase_db/ESC_GA5942AA_AS.fasta
605,/home/sam/moria/enterobase_db/ESC_LA3900AA_AS.fasta
606,/home/sam/moria/enterobase_db/ESC_MA3534AA_AS.fasta
607,/home/sam/moria/enterobase_db/ESC_GA5902AA_AS.fasta
608,/home/sam/moria/enterobase_db/ESC_NA9322AA_AS.fasta
609,/home/sam/moria/enterobase_db/ESC_LA3347AA_AS.fasta
610,/home/sam/moria/enterobase_db/ESC_CA2925AA_AS.fasta
611,/home/sam/moria/enterobase_db/ESC_NA9835AA_AS.fasta
612,/home/sam/moria/enterobase_db/ESC_GA6024AA_AS.fasta
613,/home/sam/moria/enterobase_db/ESC_PA1365AA_AS.fasta
614,/home/sam/moria/enterobase_db/ESC_OA5257AA_AS.fasta
615,/home/sam/moria/enterobase_db/ESC_HA2559AA_AS.fasta
616,/home/sam/moria/enterobase_db/ESC_PA2269AA_AS.fasta
617,/home/sam/moria/enterobase_db/ESC_OA4672AA_AS.fasta
618,/home/sam/moria/enterobase_db/ESC_PA0611AA_AS.fasta
619,/home/sam/moria/enterobase_db/ESC_NA7537AA_AS.fasta
620,/home/sam/moria/enterobase_db/ESC_OA1644AA_AS.fasta
621,/home/sam/moria/enterobase_db/ESC_NA3754AA_AS.fasta
622,/home/sam/moria/enterobase_db/ESC_LA6572AA_AS.fasta
623,/home/sam/moria/enterobase_db/ESC_LA3507AA_AS.fasta
624,/home/sam/moria/enterobase_db/ESC_OA1858AA_AS.fasta
625,/home/sam/moria/enterobase_db/ESC_NA9792AA_AS.fasta
626,/home/sam/moria/enterobase_db/ESC_NA6237AA_AS.fasta
627,/home/sam/moria/enterobase_db/ESC_GA5912AA_AS.fasta
628,/home/sam/moria/enterobase_db/ESC_MA3532AA_AS.fasta
629,/home/sam/moria/enterobase_db/ESC_OA1802AA_AS.fasta
630,/home/sam/moria/enterobase_db/ESC_PA0582AA_AS.fasta
631,/home/sam/moria/enterobase_db/ESC_KA2798AA_AS.fasta
632,/home/sam/moria/enterobase_db/ESC_PA0645AA_AS.fasta
633,/home/sam/moria/enterobase_db/ESC_IA7970AA_AS.fasta
634,/home/sam/moria/enterobase_db/ESC_LA3336AA_AS.fasta
635,/home/sam/moria/enterobase_db/ESC_NA6230AA_AS.fasta
636,/home/sam/moria/enterobase_db/ESC_NA3765AA_AS.fasta
637,/home/sam/moria/enterobase_db/ESC_GA5996AA_AS.fasta
638,/home/sam/moria/enterobase_db/ESC_PA0634AA_AS.fasta
639,/home/sam/moria/enterobase_db/ESC_OA1857AA_AS.fasta
640,/home/sam/moria/enterobase_db/ESC_LA3429AA_AS.fasta
641,/home/sam/moria/enterobase_db/ESC_OA1809AA_AS.fasta
642,/home/sam/moria/enterobase_db/ESC_KA9904AA_AS.fasta
643,/home/sam/moria/enterobase_db/ESC_GA5992AA_AS.fasta
644,/home/sam/moria/enterobase_db/ESC_LA3901AA_AS.fasta
645,/home/sam/moria/enterobase_db/ESC_GA6064AA_AS.fasta
646,/home/sam/moria/enterobase_db/ESC_GA6973AA_AS.fasta
647,/home/sam/moria/enterobase_db/ESC_IA7978AA_AS.fasta
648,/home/sam/moria/enterobase_db/ESC_OA1838AA_AS.fasta
649,/home/sam/moria/enterobase_db/ESC_GA6027AA_AS.fasta
650,/home/sam/moria/enterobase_db/ESC_KA2325AA_AS.fasta
651,/home/sam/moria/enterobase_db/ESC_LA3503AA_AS.fasta
652,/home/sam/moria/enterobase_db/ESC_OA1827AA_AS.fasta
653,/home/sam/moria/enterobase_db/ESC_NA9303AA_AS.fasta
654,/home/sam/moria/enterobase_db/ESC_LA3496AA_AS.fasta
655,/home/sam/moria/enterobase_db/ESC_GA5875AA_AS.fasta
656,/home/sam/moria/enterobase_db/ESC_IA2062AA_AS.fasta
657,/home/sam/moria/enterobase_db/ESC_OA1818AA_AS.fasta
658,/home/sam/moria/enterobase_db/ESC_HA2577AA_AS.fasta
659,/home/sam/moria/enterobase_db/ESC_LA3431AA_AS.fasta
660,/home/sam/moria/enterobase_db/ESC_OA5262AA_AS.fasta
661,/home/sam/moria/enterobase_db/ESC_NA9833AA_AS.fasta
662,/home/sam/moria/enterobase_db/ESC_NA8893AA_AS.fasta
663,/home/sam/moria/enterobase_db/ESC_LA3325AA_AS.fasta
664,/home/sam/moria/enterobase_db/ESC_PA0951AA_AS.fasta
665,/home/sam/moria/enterobase_db/ESC_IA7988AA_AS.fasta
666,/home/sam/moria/enterobase_db/ESC_GA5965AA_AS.fasta
667,/home/sam/moria/enterobase_db/ESC_OA1813AA_AS.fasta
668,/home/sam/moria/enterobase_db/ESC_OA5260AA_AS.fasta
669,/home/sam/moria/enterobase_db/ESC_MA5400AA_AS.fasta
670,/home/sam/moria/enterobase_db/ESC_PA0615AA_AS.fasta
671,/home/sam/moria/enterobase_db/ESC_LA3470AA_AS.fasta
672,/home/sam/moria/enterobase_db/ESC_HA3014AA_AS.fasta
673,/home/sam/moria/enterobase_db/ESC_MA3423AA_AS.fasta
674,/home/sam/moria/enterobase_db/ESC_IA2064AA_AS.fasta
675,/home/sam/moria/enterobase_db/ESC_IA2109AA_AS.fasta
676,/home/sam/moria/enterobase_db/ESC_KA2801AA_AS.fasta
677,/home/sam/moria/enterobase_db/ESC_IA2081AA_AS.fasta
678,/home/sam/moria/enterobase_db/ESC_LA6376AA_AS.fasta
679,/home/sam/moria/enterobase_db/ESC_PA0639AA_AS.fasta
680,/home/sam/moria/enterobase_db/ESC_LA7237AA_AS.fasta
681,/home/sam/moria/enterobase_db/ESC_OA1798AA_AS.fasta
682,/home/sam/moria/enterobase_db/ESC_NA9333AA_AS.fasta
683,/home/sam/moria/enterobase_db/ESC_MA2718AA_AS.fasta
684,/home/sam/moria/enterobase_db/ESC_PA1166AA_AS.fasta
685,/home/sam/moria/enterobase_db/ESC_NA9807AA_AS.fasta
686,/home/sam/moria/enterobase_db/ESC_BA4772AA_AS.fasta
687,/home/sam/moria/enterobase_db/ESC_NA6220AA_AS.fasta
688,/home/sam/moria/enterobase_db/ESC_NA3776AA_AS.fasta
689,/home/sam/moria/enterobase_db/ESC_LA3333AA_AS.fasta
690,/home/sam/moria/enterobase_db/ESC_GA6061AA_AS.fasta
691,/home/sam/moria/enterobase_db/ESC_NA9319AA_AS.fasta
692,/home/sam/moria/enterobase_db/ESC_OA1933AA_AS.fasta
693,/home/sam/moria/enterobase_db/ESC_NA8588AA_AS.fasta
694,/home/sam/moria/enterobase_db/ESC_PA0668AA_AS.fasta
695,/home/sam/moria/enterobase_db/ESC_LA6272AA_AS.fasta
696,/home/sam/moria/enterobase_db/ESC_MA3416AA_AS.fasta
697,/home/sam/moria/enterobase_db/ESC_IA2103AA_AS.fasta
698,/home/sam/moria/enterobase_db/ESC_NA9107AA_AS.fasta
699,/home/sam/moria/enterobase_db/ESC_OA1828AA_AS.fasta
700,/home/sam/moria/enterobase_db/ESC_MA8486AA_AS.fasta
701,/home/sam/moria/enterobase_db/ESC_GA6084AA_AS.fasta
702,/home/sam/moria/enterobase_db/ESC_LA3441AA_AS.fasta
703,/home/sam/moria/enterobase_db/ESC_NA8556AA_AS.fasta
704,/home/sam/moria/enterobase_db/ESC_GA5984AA_AS.fasta
705,/home/sam/moria/enterobase_db/ESC_NA5785AA_AS.fasta
706,/home/sam/moria/enterobase_db/ESC_GA6069AA_AS.fasta
707,/home/sam/moria/enterobase_db/ESC_PA0674AA_AS.fasta
708,/home/sam/moria/enterobase_db/ESC_LA3339AA_AS.fasta
709,/home/sam/moria/enterobase_db/ESC_PA1224AA_AS.fasta
710,/home/sam/moria/enterobase_db/ESC_MA7541AA_AS.fasta
711,/home/sam/moria/enterobase_db/ESC_NA8940AA_AS.fasta
712,/home/sam/moria/enterobase_db/ESC_GA5977AA_AS.fasta
713,/home/sam/moria/enterobase_db/ESC_MA3176AA_AS.fasta
714,/home/sam/moria/enterobase_db/ESC_NA3267AA_AS.fasta
715,/home/sam/moria/enterobase_db/ESC_GA5894AA_AS.fasta
716,/home/sam/moria/enterobase_db/ESC_LA3410AA_AS.fasta
717,/home/sam/moria/enterobase_db/ESC_MA2714AA_AS.fasta
718,/home/sam/moria/enterobase_db/ESC_PA0595AA_AS.fasta
719,/home/sam/moria/enterobase_db/ESC_NA3756AA_AS.fasta
720,/home/sam/moria/enterobase_db/ESC_NA9324AA_AS.fasta
721,/home/sam/moria/enterobase_db/ESC_PA3593AA_AS.fasta
722,/home/sam/moria/enterobase_db/ESC_GA6066AA_AS.fasta
723,/home/sam/moria/enterobase_db/ESC_LA3517AA_AS.fasta
724,/home/sam/moria/enterobase_db/ESC_PA1217AA_AS.fasta
725,/home/sam/moria/enterobase_db/ESC_LA8293AA_AS.fasta
726,/home/sam/moria/enterobase_db/ESC_NA8908AA_AS.fasta
727,/home/sam/moria/enterobase_db/ESC_PA1213AA_AS.fasta
728,/home/sam/moria/enterobase_db/ESC_IA2068AA_AS.fasta
729,/home/sam/moria/enterobase_db/ESC_PA1890AA_AS.fasta
730,/home/sam/moria/enterobase_db/ESC_NA3757AA_AS.fasta
731,/home/sam/moria/enterobase_db/ESC_NA8788AA_AS.fasta
732,/home/sam/moria/enterobase_db/ESC_IA2070AA_AS.fasta
733,/home/sam/moria/enterobase_db/ESC_PA0650AA_AS.fasta
734,/home/sam/moria/enterobase_db/ESC_OA0772AA_AS.fasta
735,/home/sam/moria/enterobase_db/ESC_LA3506AA_AS.fasta
736,/home/sam/moria/enterobase_db/ESC_IA8764AA_AS.fasta
737,/home/sam/moria/enterobase_db/ESC_LA3338AA_AS.fasta
738,/home/sam/moria/enterobase_db/ESC_NA8864AA_AS.fasta
739,/home/sam/moria/enterobase_db/ESC_OA0777AA_AS.fasta
740,/home/sam/moria/enterobase_db/ESC_GA5978AA_AS.fasta
741,/home/sam/moria/enterobase_db/ESC_NA5202AA_AS.fasta
742,/home/sam/moria/enterobase_db/ESC_HA2568AA_AS.fasta
743,/home/sam/moria/enterobase_db/ESC_GA6072AA_AS.fasta
744,/home/sam/moria/enterobase_db/ESC_PA1219AA_AS.fasta
745,/home/sam/moria/enterobase_db/ESC_NA6211AA_AS.fasta
746,/home/sam/moria/enterobase_db/ESC_NA9296AA_AS.fasta
747,/home/sam/moria/enterobase_db/ESC_IA7955AA_AS.fasta
748,/home/sam/moria/enterobase_db/ESC_NA6207AA_AS.fasta
749,/home/sam/moria/enterobase_db/ESC_MA8987AA_AS.fasta
750,/home/sam/moria/enterobase_db/ESC_NA7549AA_AS.fasta
751,/home/sam/moria/enterobase_db/ESC_IA2023AA_AS.fasta
752,/home/sam/moria/enterobase_db/ESC_PA0658AA_AS.fasta
753,/home/sam/moria/enterobase_db/ESC_GA5922AA_AS.fasta
754,/home/sam/moria/enterobase_db/ESC_GA5879AA_AS.fasta
755,/home/sam/moria/enterobase_db/ESC_OA1824AA_AS.fasta
756,/home/sam/moria/enterobase_db/ESC_GA6015AA_AS.fasta
757,/home/sam/moria/enterobase_db/ESC_GA5939AA_AS.fasta
758,/home/sam/moria/enterobase_db/ESC_MA3428AA_AS.fasta
759,/home/sam/moria/enterobase_db/ESC_NA8905AA_AS.fasta
760,/home/sam/moria/enterobase_db/ESC_PA2204AA_AS.fasta
761,/home/sam/moria/enterobase_db/ESC_MA9457AA_AS.fasta
762,/home/sam/moria/enterobase_db/ESC_IA2114AA_AS.fasta
763,/home/sam/moria/enterobase_db/ESC_MA3418AA_AS.fasta
764,/home/sam/moria/enterobase_db/ESC_OA2047AA_AS.fasta
765,/home/sam/moria/enterobase_db/ESC_OA5070AA_AS.fasta
766,/home/sam/moria/enterobase_db/ESC_NA8584AA_AS.fasta
767,/home/sam/moria/enterobase_db/ESC_IA2078AA_AS.fasta
768,/home/sam/moria/enterobase_db/ESC_NA2357AA_AS.fasta
769,/home/sam/moria/enterobase_db/ESC_GA5967AA_AS.fasta
770,/home/sam/moria/enterobase_db/ESC_NA9803AA_AS.fasta
771,/home/sam/moria/enterobase_db/ESC_LA6569AA_AS.fasta
772,/home/sam/moria/enterobase_db/ESC_NA3786AA_AS.fasta
773,/home/sam/moria/enterobase_db/ESC_MA7864AA_AS.fasta
774,/home/sam/moria/enterobase_db/ESC_NA9825AA_AS.fasta
775,/home/sam/moria/enterobase_db/ESC_NA3770AA_AS.fasta
776,/home/sam/moria/enterobase_db/ESC_OA4424AA_AS.fasta
777,/home/sam/moria/enterobase_db/ESC_IA2057AA_AS.fasta
778,/home/sam/moria/enterobase_db/ESC_NA8899AA_AS.fasta
779,/home/sam/moria/enterobase_db/ESC_GA5900AA_AS.fasta
780,/home/sam/moria/enterobase_db/ESC_OA1681AA_AS.fasta
781,/home/sam/moria/enterobase_db/ESC_GA8604AA_AS.fasta
782,/home/sam/moria/enterobase_db/ESC_NA8928AA_AS.fasta
783,/home/sam/moria/enterobase_db/ESC_LA1582AA_AS.fasta
784,/home/sam/moria/enterobase_db/ESC_BA1576AA_AS.fasta
785,/home/sam/moria/enterobase_db/ESC_PA3659AA_AS.fasta
786,/home/sam/moria/enterobase_db/ESC_KA2323AA_AS.fasta
787,/home/sam/moria/enterobase_db/ESC_MA7859AA_AS.fasta
788,/home/sam/moria/enterobase_db/ESC_OA1934AA_AS.fasta
789,/home/sam/moria/enterobase_db/ESC_PA0579AA_AS.fasta
790,/home/sam/moria/enterobase_db/ESC_NA3771AA_AS.fasta
791,/home/sam/moria/enterobase_db/ESC_LA3477AA_AS.fasta
792,/home/sam/moria/enterobase_db/ESC_MA7862AA_AS.fasta
793,/home/sam/moria/enterobase_db/ESC_PA1164AA_AS.fasta
794,/home/sam/moria/enterobase_db/ESC_OA1817AA_AS.fasta
795,/home/sam/moria/enterobase_db/ESC_LA3461AA_AS.fasta
796,/home/sam/moria/enterobase_db/ESC_GA6022AA_AS.fasta
797,/home/sam/moria/enterobase_db/ESC_HA9382AA_AS.fasta
798,/home/sam/moria/enterobase_db/ESC_PA2273AA_AS.fasta
799,/home/sam/moria/enterobase_db/ESC_IA2084AA_AS.fasta
800,/home/sam/moria/enterobase_db/ESC_GA6011AA_AS.fasta
801,/home/sam/moria/enterobase_db/ESC_LA1307AA_AS.fasta
802,/home/sam/moria/enterobase_db/ESC_MA3519AA_AS.fasta
803,/home/sam/moria/enterobase_db/ESC_NA8585AA_AS.fasta
804,/home/sam/moria/enterobase_db/ESC_PA0679AA_AS.fasta
805,/home/sam/moria/enterobase_db/ESC_IA7971AA_AS.fasta
806,/home/sam/moria/enterobase_db/ESC_NA8860AA_AS.fasta
807,/home/sam/moria/enterobase_db/ESC_OA1833AA_AS.fasta
808,/home/sam/moria/enterobase_db/ESC_PA0651AA_AS.fasta
809,/home/sam/moria/enterobase_db/ESC_LA3472AA_AS.fasta
810,/home/sam/moria/enterobase_db/ESC_LA3513AA_AS.fasta
811,/home/sam/moria/enterobase_db/ESC_GA5932AA_AS.fasta
812,/home/sam/moria/enterobase_db/ESC_GA5904AA_AS.fasta
813,/home/sam/moria/enterobase_db/ESC_LA3481AA_AS.fasta
814,/home/sam/moria/enterobase_db/ESC_MA7547AA_AS.fasta
815,/home/sam/moria/enterobase_db/ESC_GA5886AA_AS.fasta
816,/home/sam/moria/enterobase_db/ESC_OA0775AA_AS.fasta
817,/home/sam/moria/enterobase_db/ESC_NA8861AA_AS.fasta
818,/home/sam/moria/enterobase_db/ESC_IA7987AA_AS.fasta
819,/home/sam/moria/enterobase_db/ESC_NA8867AA_AS.fasta
820,/home/sam/moria/enterobase_db/ESC_IA2018AA_AS.fasta
821,/home/sam/moria/enterobase_db/ESC_MA3530AA_AS.fasta
822,/home/sam/moria/enterobase_db/ESC_IA2052AA_AS.fasta
823,/home/sam/moria/enterobase_db/ESC_LA3480AA_AS.fasta
824,/home/sam/moria/enterobase_db/ESC_LA3398AA_AS.fasta
825,/home/sam/moria/enterobase_db/ESC_PA2243AA_AS.fasta
826,/home/sam/moria/enterobase_db/ESC_OA1784AA_AS.fasta
827,/home/sam/moria/enterobase_db/ESC_NA8935AA_AS.fasta
828,/home/sam/moria/enterobase_db/ESC_MA8475AA_AS.fasta
829,/home/sam/moria/enterobase_db/ESC_NA8906AA_AS.fasta
830,/home/sam/moria/enterobase_db/ESC_GA5913AA_AS.fasta
831,/home/sam/moria/enterobase_db/ESC_LA3422AA_AS.fasta
832,/home/sam/moria/enterobase_db/ESC_NA3753AA_AS.fasta
833,/home/sam/moria/enterobase_db/ESC_OA4426AA_AS.fasta
834,/home/sam/moria/enterobase_db/ESC_GA5878AA_AS.fasta
835,/home/sam/moria/enterobase_db/ESC_LA6481AA_AS.fasta
836,/home/sam/moria/enterobase_db/ESC_LA3344AA_AS.fasta
837,/home/sam/moria/enterobase_db/ESC_GA5898AA_AS.fasta
838,/home/sam/moria/enterobase_db/ESC_OA0774AA_AS.fasta
839,/home/sam/moria/enterobase_db/ESC_NA6235AA_AS.fasta
840,/home/sam/moria/enterobase_db/ESC_NA8932AA_AS.fasta
841,/home/sam/moria/enterobase_db/ESC_GA6067AA_AS.fasta
842,/home/sam/moria/enterobase_db/ESC_LA3419AA_AS.fasta
843,/home/sam/moria/enterobase_db/ESC_OA1844AA_AS.fasta
844,/home/sam/moria/enterobase_db/ESC_LA3458AA_AS.fasta
845,/home/sam/moria/enterobase_db/ESC_LA3348AA_AS.fasta
846,/home/sam/moria/enterobase_db/ESC_LA3416AA_AS.fasta
847,/home/sam/moria/enterobase_db/ESC_OA1816AA_AS.fasta
848,/home/sam/moria/enterobase_db/ESC_GA5907AA_AS.fasta
849,/home/sam/moria/enterobase_db/ESC_PA1894AA_AS.fasta
850,/home/sam/moria/enterobase_db/ESC_GA5935AA_AS.fasta
851,/home/sam/moria/enterobase_db/ESC_IA7996AA_AS.fasta
852,/home/sam/moria/enterobase_db/ESC_NA3772AA_AS.fasta
853,/home/sam/moria/enterobase_db/ESC_LA8415AA_AS.fasta
854,/home/sam/moria/enterobase_db/ESC_NA9814AA_AS.fasta
855,/home/sam/moria/enterobase_db/ESC_NA8943AA_AS.fasta
856,/home/sam/moria/enterobase_db/ESC_NA9316AA_AS.fasta
857,/home/sam/moria/enterobase_db/ESC_GA8590AA_AS.fasta
858,/home/sam/moria/enterobase_db/ESC_OA1801AA_AS.fasta
859,/home/sam/moria/enterobase_db/ESC_NA9327AA_AS.fasta
860,/home/sam/moria/enterobase_db/ESC_OA1819AA_AS.fasta
861,/home/sam/moria/enterobase_db/ESC_NA8883AA_AS.fasta
862,/home/sam/moria/enterobase_db/ESC_GA5981AA_AS.fasta
863,/home/sam/moria/enterobase_db/ESC_PA0586AA_AS.fasta
864,/home/sam/moria/enterobase_db/ESC_MA3525AA_AS.fasta
865,/home/sam/moria/enterobase_db/ESC_NA9819AA_AS.fasta
866,/home/sam/moria/enterobase_db/ESC_GA5869AA_AS.fasta
867,/home/sam/moria/enterobase_db/ESC_NA8901AA_AS.fasta
868,/home/sam/moria/enterobase_db/ESC_IA2063AA_AS.fasta
869,/home/sam/moria/enterobase_db/ESC_LA3322AA_AS.fasta
870,/home/sam/moria/enterobase_db/ESC_PA0673AA_AS.fasta
871,/home/sam/moria/enterobase_db/ESC_PA1226AA_AS.fasta
872,/home/sam/moria/enterobase_db/ESC_OA0840AA_AS.fasta
873,/home/sam/moria/enterobase_db/ESC_LA1308AA_AS.fasta
874,/home/sam/moria/enterobase_db/ESC_KA8806AA_AS.fasta
875,/home/sam/moria/enterobase_db/ESC_NA5786AA_AS.fasta
876,/home/sam/moria/enterobase_db/ESC_IA2045AA_AS.fasta
877,/home/sam/moria/enterobase_db/ESC_NA9793AA_AS.fasta
878,/home/sam/moria/enterobase_db/ESC_GA6071AA_AS.fasta
879,/home/sam/moria/enterobase_db/ESC_GA5899AA_AS.fasta
880,/home/sam/moria/enterobase_db/ESC_MA3408AA_AS.fasta
881,/home/sam/moria/enterobase_db/ESC_OA5239AA_AS.fasta
882,/home/sam/moria/enterobase_db/ESC_NA3269AA_AS.fasta
883,/home/sam/moria/enterobase_db/ESC_GA5943AA_AS.fasta
884,/home/sam/moria/enterobase_db/ESC_GA5960AA_AS.fasta
885,/home/sam/moria/enterobase_db/ESC_OA5092AA_AS.fasta
886,/home/sam/moria/enterobase_db/ESC_IA2116AA_AS.fasta
887,/home/sam/moria/enterobase_db/ESC_NA8880AA_AS.fasta
888,/home/sam/moria/enterobase_db/ESC_MA2724AA_AS.fasta
889,/home/sam/moria/enterobase_db/ESC_OA1789AA_AS.fasta
890,/home/sam/moria/enterobase_db/ESC_OA5087AA_AS.fasta
891,/home/sam/moria/enterobase_db/ESC_OA4831AA_AS.fasta
892,/home/sam/moria/enterobase_db/ESC_NA7541AA_AS.fasta
893,/home/sam/moria/enterobase_db/ESC_OA1785AA_AS.fasta
894,/home/sam/moria/enterobase_db/ESC_GA5920AA_AS.fasta
895,/home/sam/moria/enterobase_db/ESC_MA3226AA_AS.fasta
896,/home/sam/moria/enterobase_db/ESC_LA3402AA_AS.fasta
897,/home/sam/moria/enterobase_db/ESC_IA2108AA_AS.fasta
898,/home/sam/moria/enterobase_db/ESC_PA0669AA_AS.fasta
899,/home/sam/moria/enterobase_db/ESC_NA8896AA_AS.fasta
900,/home/sam/moria/enterobase_db/ESC_FA7312AA_AS.fasta
901,/home/sam/moria/enterobase_db/ESC_LA3407AA_AS.fasta
902,/home/sam/moria/enterobase_db/ESC_IA7990AA_AS.fasta
903,/home/sam/moria/enterobase_db/ESC_NA9836AA_AS.fasta
904,/home/sam/moria/enterobase_db/ESC_HA8835AA_AS.fasta
905,/home/sam/moria/enterobase_db/ESC_NA8924AA_AS.fasta
906,/home/sam/moria/enterobase_db/ESC_OA2487AA_AS.fasta
907,/home/sam/moria/enterobase_db/ESC_MA8986AA_AS.fasta
908,/home/sam/moria/enterobase_db/ESC_PA2933AA_AS.fasta
909,/home/sam/moria/enterobase_db/ESC_PA0619AA_AS.fasta
910,/home/sam/moria/enterobase_db/ESC_NA9802AA_AS.fasta
911,/home/sam/moria/enterobase_db/ESC_LA3457AA_AS.fasta
912,/home/sam/moria/enterobase_db/ESC_OA0841AA_AS.fasta
913,/home/sam/moria/enterobase_db/ESC_GA5976AA_AS.fasta
914,/home/sam/moria/enterobase_db/ESC_NA9837AA_AS.fasta
915,/home/sam/moria/enterobase_db/ESC_MA3225AA_AS.fasta
916,/home/sam/moria/enterobase_db/ESC_LA3436AA_AS.fasta
917,/home/sam/moria/enterobase_db/ESC_JA4870AA_AS.fasta
918,/home/sam/moria/enterobase_db/ESC_PA0661AA_AS.fasta
919,/home/sam/moria/enterobase_db/ESC_LA3479AA_AS.fasta
920,/home/sam/moria/enterobase_db/ESC_MA3420AA_AS.fasta
921,/home/sam/moria/enterobase_db/ESC_MA8967AA_AS.fasta
922,/home/sam/moria/enterobase_db/ESC_GA5970AA_AS.fasta
923,/home/sam/moria/enterobase_db/ESC_LA3415AA_AS.fasta
924,/home/sam/moria/enterobase_db/ESC_PA2264AA_AS.fasta
925,/home/sam/moria/enterobase_db/ESC_MA3220AA_AS.fasta
926,/home/sam/moria/enterobase_db/ESC_PA0657AA_AS.fasta
927,/home/sam/moria/enterobase_db/ESC_IA2056AA_AS.fasta
928,/home/sam/moria/enterobase_db/ESC_GA5986AA_AS.fasta
929,/home/sam/moria/enterobase_db/ESC_OA5258AA_AS.fasta
930,/home/sam/moria/enterobase_db/ESC_NA9330AA_AS.fasta
931,/home/sam/moria/enterobase_db/ESC_IA7969AA_AS.fasta
932,/home/sam/moria/enterobase_db/ESC_LA3418AA_AS.fasta
933,/home/sam/moria/enterobase_db/ESC_GA6059AA_AS.fasta
934,/home/sam/moria/enterobase_db/ESC_LA3444AA_AS.fasta
935,/home/sam/moria/enterobase_db/ESC_LA3516AA_AS.fasta
936,/home/sam/moria/enterobase_db/ESC_GA5945AA_AS.fasta
937,/home/sam/moria/enterobase_db/ESC_KA8803AA_AS.fasta
938,/home/sam/moria/enterobase_db/ESC_GA6054AA_AS.fasta
939,/home/sam/moria/enterobase_db/ESC_PA1366AA_AS.fasta
940,/home/sam/moria/enterobase_db/ESC_NA8910AA_AS.fasta
941,/home/sam/moria/enterobase_db/ESC_PA1062AA_AS.fasta
942,/home/sam/moria/enterobase_db/ESC_OA4836AA_AS.fasta
943,/home/sam/moria/enterobase_db/ESC_OA1793AA_AS.fasta
944,/home/sam/moria/enterobase_db/ESC_PA0961AA_AS.fasta
945,/home/sam/moria/enterobase_db/ESC_KA2326AA_AS.fasta
946,/home/sam/moria/enterobase_db/ESC_OA4853AA_AS.fasta
947,/home/sam/moria/enterobase_db/ESC_NA9323AA_AS.fasta
948,/home/sam/moria/enterobase_db/ESC_OA1826AA_AS.fasta
949,/home/sam/moria/enterobase_db/ESC_MA3426AA_AS.fasta
950,/home/sam/moria/enterobase_db/ESC_GA5872AA_AS.fasta
951,/home/sam/moria/enterobase_db/ESC_MA2720AA_AS.fasta
952,/home/sam/moria/enterobase_db/ESC_OA4846AA_AS.fasta
953,/home/sam/moria/enterobase_db/ESC_LA3435AA_AS.fasta
954,/home/sam/moria/enterobase_db/ESC_PA0655AA_AS.fasta
955,/home/sam/moria/enterobase_db/ESC_IA2110AA_AS.fasta
956,/home/sam/moria/enterobase_db/ESC_GA5866AA_AS.fasta
957,/home/sam/moria/enterobase_db/ESC_NA9329AA_AS.fasta
958,/home/sam/moria/enterobase_db/ESC_PA0453AA_AS.fasta
959,/home/sam/moria/enterobase_db/ESC_LA3467AA_AS.fasta
960,/home/sam/moria/enterobase_db/ESC_NA3160AA_AS.fasta
961,/home/sam/moria/enterobase_db/ESC_NA8903AA_AS.fasta
962,/home/sam/moria/enterobase_db/ESC_NA3778AA_AS.fasta
963,/home/sam/moria/enterobase_db/ESC_PA1211AA_AS.fasta
964,/home/sam/moria/enterobase_db/ESC_OA5066AA_AS.fasta
965,/home/sam/moria/enterobase_db/ESC_IA2067AA_AS.fasta
966,/home/sam/moria/enterobase_db/ESC_PA2296AA_AS.fasta
967,/home/sam/moria/enterobase_db/ESC_OA5246AA_AS.fasta
968,/home/sam/moria/enterobase_db/ESC_PA0585AA_AS.fasta
969,/home/sam/moria/enterobase_db/ESC_MA3231AA_AS.fasta
970,/home/sam/moria/enterobase_db/ESC_KA2793AA_AS.fasta
971,/home/sam/moria/enterobase_db/ESC_NA6226AA_AS.fasta
972,/home/sam/moria/enterobase_db/ESC_PA0627AA_AS.fasta
973,/home/sam/moria/enterobase_db/ESC_NA8892AA_AS.fasta
974,/home/sam/moria/enterobase_db/ESC_PA0672AA_AS.fasta
975,/home/sam/moria/enterobase_db/ESC_NA3785AA_AS.fasta
976,/home/sam/moria/enterobase_db/ESC_NA9817AA_AS.fasta
977,/home/sam/moria/enterobase_db/ESC_NA8769AA_AS.fasta
978,/home/sam/moria/enterobase_db/ESC_NA9834AA_AS.fasta
979,/home/sam/moria/enterobase_db/ESC_NA3764AA_AS.fasta
980,/home/sam/moria/enterobase_db/ESC_NA3168AA_AS.fasta
981,/home/sam/moria/enterobase_db/ESC_PA0603AA_AS.fasta
982,/home/sam/moria/enterobase_db/ESC_GA5885AA_AS.fasta
983,/home/sam/moria/enterobase_db/ESC_PA0345AA_AS.fasta
984,/home/sam/moria/enterobase_db/ESC_NA9822AA_AS.fasta
985,/home/sam/moria/enterobase_db/ESC_PA2292AA_AS.fasta
986,/home/sam/moria/enterobase_db/ESC_GA6034AA_AS.fasta
987,/home/sam/moria/enterobase_db/ESC_NA6067AA_AS.fasta
988,/home/sam/moria/enterobase_db/ESC_OA1814AA_AS.fasta
989,/home/sam/moria/enterobase_db/ESC_NA8877AA_AS.fasta
990,/home/sam/moria/enterobase_db/ESC_NA7548AA_AS.fasta
991,/home/sam/moria/enterobase_db/ESC_OA1854AA_AS.fasta
992,/home/sam/moria/enterobase_db/ESC_OA0773AA_AS.fasta
993,/home/sam/moria/enterobase_db/ESC_LA3442AA_AS.fasta
994,/home/sam/moria/enterobase_db/ESC_IA2024AA_AS.fasta
995,/home/sam/moria/enterobase_db/ESC_LA3508AA_AS.fasta
996,/home/sam/moria/enterobase_db/ESC_NA6213AA_AS.fasta
997,/home/sam/moria/enterobase_db/ESC_KA9901AA_AS.fasta
998,/home/sam/moria/enterobase_db/ESC_GA5987AA_AS.fasta
999,/home/sam/moria/enterobase_db/ESC_NA3722AA_AS.fasta
1000,/home/sam/moria/enterobase_db/ESC_LA3476AA_AS.fasta
1001,/home/sam/moria/enterobase_db/ESC_MA9456AA_AS.fasta
1002,/home/sam/moria/enterobase_db/ESC_NA9798AA_AS.fasta
1003,/home/sam/moria/enterobase_db/ESC_PA0644AA_AS.fasta
1004,/home/sam/moria/enterobase_db/ESC_KA2795AA_AS.fasta
1005,/home/sam/moria/enterobase_db/ESC_NA8890AA_AS.fasta
1006,/home/sam/moria/enterobase_db/ESC_PA0654AA_AS.fasta
1007,/home/sam/moria/enterobase_db/ESC_GA5963AA_AS.fasta
1008,/home/sam/moria/enterobase_db/ESC_OA1685AA_AS.fasta
1009,/home/sam/moria/enterobase_db/ESC_GA5937AA_AS.fasta
1010,/home/sam/moria/enterobase_db/ESC_NA3777AA_AS.fasta
1011,/home/sam/moria/enterobase_db/ESC_NA2194AA_AS.fasta
1012,/home/sam/moria/enterobase_db/ESC_LA3409AA_AS.fasta
1013,/home/sam/moria/enterobase_db/ESC_LA3515AA_AS.fasta
1014,/home/sam/moria/enterobase_db/ESC_PA0344AA_AS.fasta
1015,/home/sam/moria/enterobase_db/ESC_PA1210AA_AS.fasta
1016,/home/sam/moria/enterobase_db/ESC_NA9298AA_AS.fasta
1017,/home/sam/moria/enterobase_db/ESC_LA3332AA_AS.fasta
1018,/home/sam/moria/enterobase_db/ESC_OA5261AA_AS.fasta
1019,/home/sam/moria/enterobase_db/ESC_NA2358AA_AS.fasta
1020,/home/sam/moria/enterobase_db/ESC_OA0432AA_AS.fasta
1021,/home/sam/moria/enterobase_db/ESC_NA3164AA_AS.fasta
1022,/home/sam/moria/enterobase_db/ESC_GA5925AA_AS.fasta
1023,/home/sam/moria/enterobase_db/ESC_IA2048AA_AS.fasta
1024,/home/sam/moria/enterobase_db/ESC_GA5940AA_AS.fasta
1025,/home/sam/moria/enterobase_db/ESC_PA0664AA_AS.fasta
1026,/home/sam/moria/enterobase_db/ESC_OA1797AA_AS.fasta
1027,/home/sam/moria/enterobase_db/ESC_OA4852AA_AS.fasta
1028,/home/sam/moria/enterobase_db/ESC_LA3494AA_AS.fasta
1029,/home/sam/moria/enterobase_db/ESC_NA3761AA_AS.fasta
1030,/home/sam/moria/enterobase_db/ESC_MA2726AA_AS.fasta
1031,/home/sam/moria/enterobase_db/ESC_OA0842AA_AS.fasta
1032,/home/sam/moria/enterobase_db/ESC_GA5883AA_AS.fasta
1033,/home/sam/moria/enterobase_db/ESC_IA2105AA_AS.fasta
1034,/home/sam/moria/enterobase_db/ESC_OA1805AA_AS.fasta
1035,/home/sam/moria/enterobase_db/ESC_OA0188AA_AS.fasta
1036,/home/sam/moria/enterobase_db/ESC_IA2025AA_AS.fasta
1037,/home/sam/moria/enterobase_db/ESC_OA5090AA_AS.fasta
1038,/home/sam/moria/enterobase_db/ESC_LA6357AA_AS.fasta
1039,/home/sam/moria/enterobase_db/ESC_NA3161AA_AS.fasta
1040,/home/sam/moria/enterobase_db/ESC_GA5882AA_AS.fasta
1041,/home/sam/moria/enterobase_db/ESC_NA9304AA_AS.fasta
1042,/home/sam/moria/enterobase_db/ESC_OA1853AA_AS.fasta
1043,/home/sam/moria/enterobase_db/ESC_NA9317AA_AS.fasta
1044,/home/sam/moria/enterobase_db/ESC_OA1835AA_AS.fasta
1045,/home/sam/moria/enterobase_db/ESC_PA0342AA_AS.fasta
1046,/home/sam/moria/enterobase_db/ESC_PA0578AA_AS.fasta
1047,/home/sam/moria/enterobase_db/ESC_NA9299AA_AS.fasta
1048,/home/sam/moria/enterobase_db/ESC_NA3763AA_AS.fasta
1049,/home/sam/moria/enterobase_db/ESC_GA6051AA_AS.fasta
1050,/home/sam/moria/enterobase_db/ESC_GA5919AA_AS.fasta
1051,/home/sam/moria/enterobase_db/ESC_MA7863AA_AS.fasta
1052,/home/sam/moria/enterobase_db/ESC_GA5924AA_AS.fasta
1053,/home/sam/moria/enterobase_db/ESC_PA0587AA_AS.fasta
1054,/home/sam/moria/enterobase_db/ESC_PA0684AA_AS.fasta
1055,/home/sam/moria/enterobase_db/ESC_GA6073AA_AS.fasta
1056,/home/sam/moria/enterobase_db/ESC_OA0430AA_AS.fasta
1057,/home/sam/moria/enterobase_db/ESC_LA3406AA_AS.fasta
1058,/home/sam/moria/enterobase_db/ESC_NA9830AA_AS.fasta
1059,/home/sam/moria/enterobase_db/ESC_PA0678AA_AS.fasta
1060,/home/sam/moria/enterobase_db/ESC_NA9804AA_AS.fasta
1061,/home/sam/moria/enterobase_db/ESC_IA2027AA_AS.fasta
1062,/home/sam/moria/enterobase_db/ESC_IA2047AA_AS.fasta
1063,/home/sam/moria/enterobase_db/ESC_GA6025AA_AS.fasta
1064,/home/sam/moria/enterobase_db/ESC_GA6010AA_AS.fasta
1065,/home/sam/moria/enterobase_db/ESC_NA9799AA_AS.fasta
1066,/home/sam/moria/enterobase_db/ESC_NA8898AA_AS.fasta
1067,/home/sam/moria/enterobase_db/ESC_LA3319AA_AS.fasta
1068,/home/sam/moria/enterobase_db/ESC_GA6057AA_AS.fasta
1069,/home/sam/moria/enterobase_db/ESC_MA3421AA_AS.fasta
1070,/home/sam/moria/enterobase_db/ESC_GA5921AA_AS.fasta
1071,/home/sam/moria/enterobase_db/ESC_LA3456AA_AS.fasta
1072,/home/sam/moria/enterobase_db/ESC_PA2298AA_AS.fasta
1073,/home/sam/moria/enterobase_db/ESC_NA3767AA_AS.fasta
1074,/home/sam/moria/enterobase_db/ESC_IA7986AA_AS.fasta
1075,/home/sam/moria/enterobase_db/ESC_MA8969AA_AS.fasta
1076,/home/sam/moria/enterobase_db/ESC_GA6032AA_AS.fasta
1077,/home/sam/moria/enterobase_db/ESC_PA0687AA_AS.fasta
1078,/home/sam/moria/enterobase_db/ESC_IA2038AA_AS.fasta
1079,/home/sam/moria/enterobase_db/ESC_IA8012AA_AS.fasta
1080,/home/sam/moria/enterobase_db/ESC_PA0960AA_AS.fasta
1081,/home/sam/moria/enterobase_db/ESC_GA6060AA_AS.fasta
1082,/home/sam/moria/enterobase_db/ESC_NA7547AA_AS.fasta
1083,/home/sam/moria/enterobase_db/ESC_NA9328AA_AS.fasta
1084,/home/sam/moria/enterobase_db/ESC_MA8968AA_AS.fasta
1085,/home/sam/moria/enterobase_db/ESC_NA8918AA_AS.fasta
1086,/home/sam/moria/enterobase_db/ESC_NA9828AA_AS.fasta
1087,/home/sam/moria/enterobase_db/ESC_NA8879AA_AS.fasta
1088,/home/sam/moria/enterobase_db/ESC_PA0663AA_AS.fasta
1089,/home/sam/moria/enterobase_db/ESC_PA0647AA_AS.fasta
1090,/home/sam/moria/enterobase_db/ESC_NA3762AA_AS.fasta
1091,/home/sam/moria/enterobase_db/ESC_OA4844AA_AS.fasta
1092,/home/sam/moria/enterobase_db/ESC_LA3452AA_AS.fasta
1093,/home/sam/moria/enterobase_db/ESC_NA3783AA_AS.fasta
1094,/home/sam/moria/enterobase_db/ESC_NA8937AA_AS.fasta
1095,/home/sam/moria/enterobase_db/ESC_NA3268AA_AS.fasta
1096,/home/sam/moria/enterobase_db/ESC_IA2041AA_AS.fasta
1097,/home/sam/moria/enterobase_db/ESC_IA7985AA_AS.fasta
1098,/home/sam/moria/enterobase_db/ESC_LA3411AA_AS.fasta
1099,/home/sam/moria/enterobase_db/ESC_IA2083AA_AS.fasta
1100,/home/sam/moria/enterobase_db/ESC_NA8900AA_AS.fasta
1101,/home/sam/moria/enterobase_db/ESC_LA3448AA_AS.fasta
1102,/home/sam/moria/enterobase_db/ESC_IA7984AA_AS.fasta
1103,/home/sam/moria/enterobase_db/ESC_OA5061AA_AS.fasta
1104,/home/sam/moria/enterobase_db/ESC_NA9789AA_AS.fasta
1105,/home/sam/moria/enterobase_db/ESC_KA8801AA_AS.fasta
1106,/home/sam/moria/enterobase_db/ESC_LA3317AA_AS.fasta
1107,/home/sam/moria/enterobase_db/ESC_GA5892AA_AS.fasta
1108,/home/sam/moria/enterobase_db/ESC_NA8581AA_AS.fasta
1109,/home/sam/moria/enterobase_db/ESC_NA8469AA_AS.fasta
1110,/home/sam/moria/enterobase_db/ESC_OA5254AA_AS.fasta
1111,/home/sam/moria/enterobase_db/ESC_GA6080AA_AS.fasta
1112,/home/sam/moria/enterobase_db/ESC_PA1212AA_AS.fasta
1113,/home/sam/moria/enterobase_db/ESC_NA9796AA_AS.fasta
1114,/home/sam/moria/enterobase_db/ESC_GA5961AA_AS.fasta
1115,/home/sam/moria/enterobase_db/ESC_GA6038AA_AS.fasta
1116,/home/sam/moria/enterobase_db/ESC_OA5799AA_AS.fasta
1117,/home/sam/moria/enterobase_db/ESC_NA3758AA_AS.fasta
1118,/home/sam/moria/enterobase_db/ESC_MA8473AA_AS.fasta
1119,/home/sam/moria/enterobase_db/ESC_GA6006AA_AS.fasta
1120,/home/sam/moria/enterobase_db/ESC_LA3459AA_AS.fasta
1121,/home/sam/moria/enterobase_db/ESC_PA2720AA_AS.fasta
1122,/home/sam/moria/enterobase_db/ESC_PA1889AA_AS.fasta
1123,/home/sam/moria/enterobase_db/ESC_OA4464AA_AS.fasta
1124,/home/sam/moria/enterobase_db/ESC_IA2086AA_AS.fasta
1125,/home/sam/moria/enterobase_db/ESC_NA9305AA_AS.fasta
1126,/home/sam/moria/enterobase_db/ESC_PA0666AA_AS.fasta
1127,/home/sam/moria/enterobase_db/ESC_NA9320AA_AS.fasta
1128,/home/sam/moria/enterobase_db/ESC_PA0653AA_AS.fasta
1129,/home/sam/moria/enterobase_db/ESC_GA6048AA_AS.fasta
1130,/home/sam/moria/enterobase_db/ESC_OA5068AA_AS.fasta
1131,/home/sam/moria/enterobase_db/ESC_PA0642AA_AS.fasta
1132,/home/sam/moria/enterobase_db/ESC_GA6017AA_AS.fasta
1133,/home/sam/moria/enterobase_db/ESC_PA1892AA_AS.fasta
1134,/home/sam/moria/enterobase_db/ESC_NA6225AA_AS.fasta
1135,/home/sam/moria/enterobase_db/ESC_NA3774AA_AS.fasta
1136,/home/sam/moria/enterobase_db/ESC_NA3723AA_AS.fasta
1137,/home/sam/moria/enterobase_db/ESC_IA8723AA_AS.fasta
1138,/home/sam/moria/enterobase_db/ESC_LA3320AA_AS.fasta
1139,/home/sam/moria/enterobase_db/ESC_IA7976AA_AS.fasta
1140,/home/sam/moria/enterobase_db/ESC_MA3527AA_AS.fasta
1141,/home/sam/moria/enterobase_db/ESC_PA2299AA_AS.fasta
1142,/home/sam/moria/enterobase_db/ESC_OA1841AA_AS.fasta
1143,/home/sam/moria/enterobase_db/ESC_PA1218AA_AS.fasta
1144,/home/sam/moria/enterobase_db/ESC_PA0589AA_AS.fasta
1145,/home/sam/moria/enterobase_db/ESC_GA5911AA_AS.fasta
1146,/home/sam/moria/enterobase_db/ESC_NA6236AA_AS.fasta
1147,/home/sam/moria/enterobase_db/ESC_LA3455AA_AS.fasta
1148,/home/sam/moria/enterobase_db/ESC_NA6217AA_AS.fasta
1149,/home/sam/moria/enterobase_db/ESC_GA5914AA_AS.fasta
1150,/home/sam/moria/enterobase_db/ESC_GA5890AA_AS.fasta
1151,/home/sam/moria/enterobase_db/ESC_NA9297AA_AS.fasta
1152,/home/sam/moria/enterobase_db/ESC_LA1306AA_AS.fasta
1153,/home/sam/moria/enterobase_db/ESC_PA1221AA_AS.fasta
1154,/home/sam/moria/enterobase_db/ESC_LA8296AA_AS.fasta
1155,/home/sam/moria/enterobase_db/ESC_GA6065AA_AS.fasta
1156,/home/sam/moria/enterobase_db/ESC_PA0964AA_AS.fasta
1157,/home/sam/moria/enterobase_db/ESC_KA2800AA_AS.fasta
1158,/home/sam/moria/enterobase_db/ESC_PA0648AA_AS.fasta
1159,/home/sam/moria/enterobase_db/ESC_MA7540AA_AS.fasta
1160,/home/sam/moria/enterobase_db/ESC_GA6047AA_AS.fasta
1161,/home/sam/moria/enterobase_db/ESC_NA8878AA_AS.fasta
1162,/home/sam/moria/enterobase_db/ESC_LA3413AA_AS.fasta
1163,/home/sam/moria/enterobase_db/ESC_LA6358AA_AS.fasta
1164,/home/sam/moria/enterobase_db/ESC_PA1220AA_AS.fasta
1165,/home/sam/moria/enterobase_db/ESC_NA6231AA_AS.fasta
1166,/home/sam/moria/enterobase_db/ESC_PA0616AA_AS.fasta
1167,/home/sam/moria/enterobase_db/ESC_GA6033AA_AS.fasta
1168,/home/sam/moria/enterobase_db/ESC_OA1851AA_AS.fasta
1169,/home/sam/moria/enterobase_db/ESC_NA8881AA_AS.fasta
1170,/home/sam/moria/enterobase_db/ESC_PA1364AA_AS.fasta
1171,/home/sam/moria/enterobase_db/ESC_GA5896AA_AS.fasta
1172,/home/sam/moria/enterobase_db/ESC_GA5897AA_AS.fasta
1173,/home/sam/moria/enterobase_db/ESC_PA0643AA_AS.fasta
1174,/home/sam/moria/enterobase_db/ESC_MA3221AA_AS.fasta
1175,/home/sam/moria/enterobase_db/ESC_IA2076AA_AS.fasta
1176,/home/sam/moria/enterobase_db/ESC_NA8912AA_AS.fasta
1177,/home/sam/moria/enterobase_db/ESC_GA6031AA_AS.fasta
1178,/home/sam/moria/enterobase_db/ESC_NA7542AA_AS.fasta
1179,/home/sam/moria/enterobase_db/ESC_GA6003AA_AS.fasta
1180,/home/sam/moria/enterobase_db/ESC_IA7961AA_AS.fasta
1181,/home/sam/moria/enterobase_db/ESC_NA3159AA_AS.fasta
1182,/home/sam/moria/enterobase_db/ESC_GA6023AA_AS.fasta
1183,/home/sam/moria/enterobase_db/ESC_NA8936AA_AS.fasta
1184,/home/sam/moria/enterobase_db/ESC_MA8474AA_AS.fasta
1185,/home/sam/moria/enterobase_db/ESC_PA0591AA_AS.fasta
1186,/home/sam/moria/enterobase_db/ESC_LA2035AA_AS.fasta
1187,/home/sam/moria/enterobase_db/ESC_NA6215AA_AS.fasta
1188,/home/sam/moria/enterobase_db/ESC_PA2294AA_AS.fasta
1189,/home/sam/moria/enterobase_db/ESC_OA4465AA_AS.fasta
1190,/home/sam/moria/enterobase_db/ESC_PA0577AA_AS.fasta
1191,/home/sam/moria/enterobase_db/ESC_PA1446AA_AS.fasta
1192,/home/sam/moria/enterobase_db/ESC_NA9801AA_AS.fasta
1193,/home/sam/moria/enterobase_db/ESC_KA8794AA_AS.fasta
1194,/home/sam/moria/enterobase_db/ESC_GA6021AA_AS.fasta
1195,/home/sam/moria/enterobase_db/ESC_GA6043AA_AS.fasta
1196,/home/sam/moria/enterobase_db/ESC_IA2059AA_AS.fasta
1197,/home/sam/moria/enterobase_db/ESC_OA5253AA_AS.fasta
1198,/home/sam/moria/enterobase_db/ESC_GA5915AA_AS.fasta
1199,/home/sam/moria/enterobase_db/ESC_PA1444AA_AS.fasta
1200,/home/sam/moria/enterobase_db/ESC_NA8897AA_AS.fasta
1201,/home/sam/moria/enterobase_db/ESC_NA6219AA_AS.fasta
1202,/home/sam/moria/enterobase_db/ESC_NA8942AA_AS.fasta
1203,/home/sam/moria/enterobase_db/ESC_KA8795AA_AS.fasta
1204,/home/sam/moria/enterobase_db/ESC_NA8549AA_AS.fasta
1205,/home/sam/moria/enterobase_db/ESC_NA6210AA_AS.fasta
1206,/home/sam/moria/enterobase_db/ESC_LA3403AA_AS.fasta
1207,/home/sam/moria/enterobase_db/ESC_LA3522AA_AS.fasta
1208,/home/sam/moria/enterobase_db/ESC_GA5901AA_AS.fasta
1209,/home/sam/moria/enterobase_db/ESC_OA1643AA_AS.fasta
1210,/home/sam/moria/enterobase_db/ESC_MA3528AA_AS.fasta
1211,/home/sam/moria/enterobase_db/ESC_LA3466AA_AS.fasta
1212,/home/sam/moria/enterobase_db/ESC_NA7928AA_AS.fasta
1213,/home/sam/moria/enterobase_db/ESC_NA9309AA_AS.fasta
1214,/home/sam/moria/enterobase_db/ESC_PA0629AA_AS.fasta
1215,/home/sam/moria/enterobase_db/ESC_OA1636AA_AS.fasta
1216,/home/sam/moria/enterobase_db/ESC_PA2289AA_AS.fasta
1217,/home/sam/moria/enterobase_db/ESC_OA4678AA_AS.fasta
1218,/home/sam/moria/enterobase_db/ESC_GA5918AA_AS.fasta
1219,/home/sam/moria/enterobase_db/ESC_IA2094AA_AS.fasta
1220,/home/sam/moria/enterobase_db/ESC_LA3323AA_AS.fasta
1221,/home/sam/moria/enterobase_db/ESC_GA5888AA_AS.fasta
1222,/home/sam/moria/enterobase_db/ESC_OA5093AA_AS.fasta
1223,/home/sam/moria/enterobase_db/ESC_IA7983AA_AS.fasta
1224,/home/sam/moria/enterobase_db/ESC_MA3529AA_AS.fasta
1225,/home/sam/moria/enterobase_db/ESC_NA3773AA_AS.fasta
1226,/home/sam/moria/enterobase_db/ESC_GA6053AA_AS.fasta
1227,/home/sam/moria/enterobase_db/ESC_NA3725AA_AS.fasta
1228,/home/sam/moria/enterobase_db/ESC_MA3223AA_AS.fasta
1229,/home/sam/moria/enterobase_db/ESC_IA2042AA_AS.fasta
1230,/home/sam/moria/enterobase_db/ESC_PA2242AA_AS.fasta
1231,/home/sam/moria/enterobase_db/ESC_GA5868AA_AS.fasta
1232,/home/sam/moria/enterobase_db/ESC_MA3424AA_AS.fasta
1233,/home/sam/moria/enterobase_db/ESC_MA3520AA_AS.fasta
1234,/home/sam/moria/enterobase_db/ESC_PA0641AA_AS.fasta
1235,/home/sam/moria/enterobase_db/ESC_GA6004AA_AS.fasta
1236,/home/sam/moria/enterobase_db/ESC_MA3228AA_AS.fasta
1237,/home/sam/moria/enterobase_db/ESC_NA3728AA_AS.fasta
1238,/home/sam/moria/enterobase_db/ESC_GA5908AA_AS.fasta
1239,/home/sam/moria/enterobase_db/ESC_OA1836AA_AS.fasta
1240,/home/sam/moria/enterobase_db/ESC_OA1795AA_AS.fasta
1241,/home/sam/moria/enterobase_db/ESC_OA1837AA_AS.fasta
1242,/home/sam/moria/enterobase_db/ESC_PA0607AA_AS.fasta
1243,/home/sam/moria/enterobase_db/ESC_PA1362AA_AS.fasta
1244,/home/sam/moria/enterobase_db/ESC_NA8467AA_AS.fasta
1245,/home/sam/moria/enterobase_db/ESC_MA3524AA_AS.fasta
1246,/home/sam/moria/enterobase_db/ESC_GA6052AA_AS.fasta
1247,/home/sam/moria/enterobase_db/ESC_PA0685AA_AS.fasta
1248,/home/sam/moria/enterobase_db/ESC_MA8485AA_AS.fasta
1249,/home/sam/moria/enterobase_db/ESC_OA5244AA_AS.fasta
1250,/home/sam/moria/enterobase_db/ESC_GA6081AA_AS.fasta
1251,/home/sam/moria/enterobase_db/ESC_PA3595AA_AS.fasta
1252,/home/sam/moria/enterobase_db/ESC_IA2040AA_AS.fasta
1253,/home/sam/moria/enterobase_db/ESC_GA5990AA_AS.fasta
1254,/home/sam/moria/enterobase_db/ESC_OA1799AA_AS.fasta
1255,/home/sam/moria/enterobase_db/ESC_MA7545AA_AS.fasta
1256,/home/sam/moria/enterobase_db/ESC_MA3531AA_AS.fasta
1257,/home/sam/moria/enterobase_db/ESC_OA1820AA_AS.fasta
1258,/home/sam/moria/enterobase_db/ESC_OA4845AA_AS.fasta
1259,/home/sam/moria/enterobase_db/ESC_LA3511AA_AS.fasta
1260,/home/sam/moria/enterobase_db/ESC_PA2295AA_AS.fasta
1261,/home/sam/moria/enterobase_db/ESC_IA2055AA_AS.fasta
1262,/home/sam/moria/enterobase_db/ESC_HA2556AA_AS.fasta
1263,/home/sam/moria/enterobase_db/ESC_NA9310AA_AS.fasta
1264,/home/sam/moria/enterobase_db/ESC_GA6029AA_AS.fasta
1265,/home/sam/moria/enterobase_db/ESC_NA8863AA_AS.fasta
1266,/home/sam/moria/enterobase_db/ESC_NA5980AA_AS.fasta
1267,/home/sam/moria/enterobase_db/ESC_LA3502AA_AS.fasta
1268,/home/sam/moria/enterobase_db/ESC_PA0580AA_AS.fasta
1269,/home/sam/moria/enterobase_db/ESC_NA7544AA_AS.fasta
1270,/home/sam/moria/enterobase_db/ESC_NA3787AA_AS.fasta
1271,/home/sam/moria/enterobase_db/ESC_OA1840AA_AS.fasta
1272,/home/sam/moria/enterobase_db/ESC_NA2412AA_AS.fasta
1273,/home/sam/moria/enterobase_db/ESC_OA5067AA_AS.fasta
1274,/home/sam/moria/enterobase_db/ESC_PA0588AA_AS.fasta
1275,/home/sam/moria/enterobase_db/ESC_IA2072AA_AS.fasta
1276,/home/sam/moria/enterobase_db/ESC_IA7995AA_AS.fasta
1277,/home/sam/moria/enterobase_db/ESC_PA0680AA_AS.fasta
1278,/home/sam/moria/enterobase_db/ESC_LA6360AA_AS.fasta
1279,/home/sam/moria/enterobase_db/ESC_LA3469AA_AS.fasta
1280,/home/sam/moria/enterobase_db/ESC_LA1581AA_AS.fasta
1281,/home/sam/moria/enterobase_db/ESC_OA5237AA_AS.fasta
1282,/home/sam/moria/enterobase_db/ESC_PA2932AA_AS.fasta
1283,/home/sam/moria/enterobase_db/ESC_GA5959AA_AS.fasta
1284,/home/sam/moria/enterobase_db/ESC_PA0962AA_AS.fasta
1285,/home/sam/moria/enterobase_db/ESC_GA6039AA_AS.fasta
1286,/home/sam/moria/enterobase_db/ESC_PA0692AA_AS.fasta
1287,/home/sam/moria/enterobase_db/ESC_LA3437AA_AS.fasta
1288,/home/sam/moria/enterobase_db/ESC_PA2247AA_AS.fasta
1289,/home/sam/moria/enterobase_db/ESC_KA8800AA_AS.fasta
1290,/home/sam/moria/enterobase_db/ESC_PA1208AA_AS.fasta
1291,/home/sam/moria/enterobase_db/ESC_GA5975AA_AS.fasta
1292,/home/sam/moria/enterobase_db/ESC_OA5095AA_AS.fasta
1293,/home/sam/moria/enterobase_db/ESC_OA1792AA_AS.fasta
1294,/home/sam/moria/enterobase_db/ESC_NA7543AA_AS.fasta
1295,/home/sam/moria/enterobase_db/ESC_PA2451AA_AS.fasta
1296,/home/sam/moria/enterobase_db/ESC_OA1852AA_AS.fasta
1297,/home/sam/moria/enterobase_db/ESC_GA5895AA_AS.fasta
1298,/home/sam/moria/enterobase_db/ESC_IA2051AA_AS.fasta
1299,/home/sam/moria/enterobase_db/ESC_NA3760AA_AS.fasta
1300,/home/sam/moria/enterobase_db/ESC_PA1214AA_AS.fasta
1301,/home/sam/moria/enterobase_db/ESC_OA1810AA_AS.fasta
1302,/home/sam/moria/enterobase_db/ESC_IA2054AA_AS.fasta
1303,/home/sam/moria/enterobase_db/ESC_NA9318AA_AS.fasta
1304,/home/sam/moria/enterobase_db/ESC_IA2017AA_AS.fasta
1305,/home/sam/moria/enterobase_db/ESC_LA3425AA_AS.fasta
1306,/home/sam/moria/enterobase_db/ESC_LA3424AA_AS.fasta
1307,/home/sam/moria/enterobase_db/ESC_GA6082AA_AS.fasta
1308,/home/sam/moria/enterobase_db/ESC_KA2794AA_AS.fasta
1309,/home/sam/moria/enterobase_db/ESC_OA1640AA_AS.fasta
1310,/home/sam/moria/enterobase_db/ESC_MA7825AA_AS.fasta
1311,/home/sam/moria/enterobase_db/ESC_KA2322AA_AS.fasta
1312,/home/sam/moria/enterobase_db/ESC_NA8869AA_AS.fasta
1313,/home/sam/moria/enterobase_db/ESC_IA2133AA_AS.fasta
1314,/home/sam/moria/enterobase_db/ESC_IA2060AA_AS.fasta
1315,/home/sam/moria/enterobase_db/ESC_LA9694AA_AS.fasta
1316,/home/sam/moria/enterobase_db/ESC_NA8876AA_AS.fasta
1317,/home/sam/moria/enterobase_db/ESC_IA7962AA_AS.fasta
1318,/home/sam/moria/enterobase_db/ESC_GA6042AA_AS.fasta
1319,/home/sam/moria/enterobase_db/ESC_NA3751AA_AS.fasta
1320,/home/sam/moria/enterobase_db/ESC_OA1843AA_AS.fasta
1321,/home/sam/moria/enterobase_db/ESC_NA8888AA_AS.fasta
1322,/home/sam/moria/enterobase_db/ESC_OA1796AA_AS.fasta
1323,/home/sam/moria/enterobase_db/ESC_NA9294AA_AS.fasta
1324,/home/sam/moria/enterobase_db/ESC_IA2015AA_AS.fasta
1325,/home/sam/moria/enterobase_db/ESC_NA9815AA_AS.fasta
1326,/home/sam/moria/enterobase_db/ESC_MA3523AA_AS.fasta
1327,/home/sam/moria/enterobase_db/ESC_IA2053AA_AS.fasta
1328,/home/sam/moria/enterobase_db/ESC_OA1794AA_AS.fasta
1329,/home/sam/moria/enterobase_db/ESC_IA7979AA_AS.fasta
1330,/home/sam/moria/enterobase_db/ESC_LA3438AA_AS.fasta
1331,/home/sam/moria/enterobase_db/ESC_LA9181AA_AS.fasta
1332,/home/sam/moria/enterobase_db/ESC_PA1893AA_AS.fasta
1333,/home/sam/moria/enterobase_db/ESC_LA6470AA_AS.fasta
1334,/home/sam/moria/enterobase_db/ESC_NA8945AA_AS.fasta
1335,/home/sam/moria/enterobase_db/ESC_PA1447AA_AS.fasta
1336,/home/sam/moria/enterobase_db/ESC_GA6012AA_AS.fasta
1337,/home/sam/moria/enterobase_db/ESC_GA6075AA_AS.fasta
1338,/home/sam/moria/enterobase_db/ESC_GA6058AA_AS.fasta
1339,/home/sam/moria/enterobase_db/ESC_MA8985AA_AS.fasta
1340,/home/sam/moria/enterobase_db/ESC_GA5979AA_AS.fasta
1341,/home/sam/moria/enterobase_db/ESC_GA5874AA_AS.fasta
1342,/home/sam/moria/enterobase_db/ESC_IA2058AA_AS.fasta
1343,/home/sam/moria/enterobase_db/ESC_NA8886AA_AS.fasta
1344,/home/sam/moria/enterobase_db/ESC_LA8295AA_AS.fasta
1345,/home/sam/moria/enterobase_db/ESC_NA9820AA_AS.fasta
1346,/home/sam/moria/enterobase_db/ESC_LA3318AA_AS.fasta
1347,/home/sam/moria/enterobase_db/ESC_LA3460AA_AS.fasta
1348,/home/sam/moria/enterobase_db/ESC_IA7958AA_AS.fasta
1349,/home/sam/moria/enterobase_db/ESC_OA0757AA_AS.fasta
1350,/home/sam/moria/enterobase_db/ESC_GA5891AA_AS.fasta
1351,/home/sam/moria/enterobase_db/ESC_LA3471AA_AS.fasta
1352,/home/sam/moria/enterobase_db/ESC_NA8865AA_AS.fasta
1353,/home/sam/moria/enterobase_db/ESC_OA1141AA_AS.fasta
1354,/home/sam/moria/enterobase_db/ESC_KA8802AA_AS.fasta
1355,/home/sam/moria/enterobase_db/ESC_OA1139AA_AS.fasta
1356,/home/sam/moria/enterobase_db/ESC_LA3408AA_AS.fasta
1357,/home/sam/moria/enterobase_db/ESC_PA1445AA_AS.fasta
1358,/home/sam/moria/enterobase_db/ESC_NA9809AA_AS.fasta
1359,/home/sam/moria/enterobase_db/ESC_PA1377AA_AS.fasta
1360,/home/sam/moria/enterobase_db/ESC_LA0281AA_AS.fasta
1361,/home/sam/moria/enterobase_db/ESC_KA2804AA_AS.fasta
1362,/home/sam/moria/enterobase_db/ESC_LA3451AA_AS.fasta
1363,/home/sam/moria/enterobase_db/ESC_BA8271AA_AS.fasta
1364,/home/sam/moria/enterobase_db/ESC_HA2565AA_AS.fasta
1365,/home/sam/moria/enterobase_db/ESC_PA0606AA_AS.fasta
1366,/home/sam/moria/enterobase_db/ESC_IA2100AA_AS.fasta
1367,/home/sam/moria/enterobase_db/ESC_GA5999AA_AS.fasta
1368,/home/sam/moria/enterobase_db/ESC_GA6026AA_AS.fasta
1369,/home/sam/moria/enterobase_db/ESC_OA4421AA_AS.fasta
1370,/home/sam/moria/enterobase_db/ESC_KA9903AA_AS.fasta
1371,/home/sam/moria/enterobase_db/ESC_NA9795AA_AS.fasta
1372,/home/sam/moria/enterobase_db/ESC_HA6218AA_AS.fasta
1373,/home/sam/moria/enterobase_db/ESC_NA8922AA_AS.fasta
1374,/home/sam/moria/enterobase_db/ESC_GA5928AA_AS.fasta
1375,/home/sam/moria/enterobase_db/ESC_PA3657AA_AS.fasta
1376,/home/sam/moria/enterobase_db/ESC_PA0638AA_AS.fasta
1377,/home/sam/moria/enterobase_db/ESC_OA5248AA_AS.fasta
1378,/home/sam/moria/enterobase_db/ESC_OA1821AA_AS.fasta
1379,/home/sam/moria/enterobase_db/ESC_NA9312AA_AS.fasta
1380,/home/sam/moria/enterobase_db/ESC_OA1786AA_AS.fasta
1381,/home/sam/moria/enterobase_db/ESC_OA1806AA_AS.fasta
1382,/home/sam/moria/enterobase_db/ESC_NA3759AA_AS.fasta
1383,/home/sam/moria/enterobase_db/ESC_OA5263AA_AS.fasta
1384,/home/sam/moria/enterobase_db/ESC_OA4848AA_AS.fasta
1385,/home/sam/moria/enterobase_db/ESC_NA8930AA_AS.fasta
1386,/home/sam/moria/enterobase_db/ESC_KA8793AA_AS.fasta
1387,/home/sam/moria/enterobase_db/ESC_KA8792AA_AS.fasta
1388,/home/sam/moria/enterobase_db/ESC_NA9314AA_AS.fasta
1389,/home/sam/moria/enterobase_db/ESC_PA2291AA_AS.fasta
1390,/home/sam/moria/enterobase_db/ESC_OA1637AA_AS.fasta
1391,/home/sam/moria/enterobase_db/ESC_LA3350AA_AS.fasta
1392,/home/sam/moria/enterobase_db/ESC_OA4847AA_AS.fasta
1393,/home/sam/moria/enterobase_db/ESC_GA6002AA_AS.fasta
1394,/home/sam/moria/enterobase_db/ESC_LA3324AA_AS.fasta
1395,/home/sam/moria/enterobase_db/ESC_LA3311AA_AS.fasta
1396,/home/sam/moria/enterobase_db/ESC_NA3784AA_AS.fasta
1397,/home/sam/moria/enterobase_db/ESC_NA9831AA_AS.fasta
1398,/home/sam/moria/enterobase_db/ESC_LA3331AA_AS.fasta
1399,/home/sam/moria/enterobase_db/ESC_NA2193AA_AS.fasta
1400,/home/sam/moria/enterobase_db/ESC_PA0614AA_AS.fasta
1401,/home/sam/moria/enterobase_db/ESC_LA3473AA_AS.fasta
1402,/home/sam/moria/enterobase_db/ESC_GA5968AA_AS.fasta
1403,/home/sam/moria/enterobase_db/ESC_PA0594AA_AS.fasta
1404,/home/sam/moria/enterobase_db/ESC_NA6233AA_AS.fasta
1405,/home/sam/moria/enterobase_db/ESC_IA2112AA_AS.fasta
1406,/home/sam/moria/enterobase_db/ESC_KA8797AA_AS.fasta
1407,/home/sam/moria/enterobase_db/ESC_NA8872AA_AS.fasta
1408,/home/sam/moria/enterobase_db/ESC_PA0583AA_AS.fasta
1409,/home/sam/moria/enterobase_db/ESC_LA3443AA_AS.fasta
1410,/home/sam/moria/enterobase_db/ESC_OA5236AA_AS.fasta
1411,/home/sam/moria/enterobase_db/ESC_MA2717AA_AS.fasta
1412,/home/sam/moria/enterobase_db/ESC_LA3478AA_AS.fasta
1413,/home/sam/moria/enterobase_db/ESC_NA8895AA_AS.fasta
1414,/home/sam/moria/enterobase_db/ESC_GA5873AA_AS.fasta
1415,/home/sam/moria/enterobase_db/ESC_IA2278AA_AS.fasta
1416,/home/sam/moria/enterobase_db/ESC_PA1225AA_AS.fasta
1417,/home/sam/moria/enterobase_db/ESC_NA9791AA_AS.fasta
1418,/home/sam/moria/enterobase_db/ESC_GA5972AA_AS.fasta
1419,/home/sam/moria/enterobase_db/ESC_NA9797AA_AS.fasta
1420,/home/sam/moria/enterobase_db/ESC_NA3169AA_AS.fasta
1421,/home/sam/moria/enterobase_db/ESC_GA5955AA_AS.fasta
1422,/home/sam/moria/enterobase_db/ESC_GA5906AA_AS.fasta
1423,/home/sam/moria/enterobase_db/ESC_NA9818AA_AS.fasta
1424,/home/sam/moria/enterobase_db/ESC_OA1140AA_AS.fasta
1425,/home/sam/moria/enterobase_db/ESC_NA3766AA_AS.fasta
1426,/home/sam/moria/enterobase_db/ESC_PA0447AA_AS.fasta
1427,/home/sam/moria/enterobase_db/ESC_IA2088AA_AS.fasta
1428,/home/sam/moria/enterobase_db/ESC_NA8933AA_AS.fasta
1429,/home/sam/moria/enterobase_db/ESC_GA5909AA_AS.fasta
1430,/home/sam/moria/enterobase_db/ESC_OA1688AA_AS.fasta
1431,/home/sam/moria/enterobase_db/ESC_PA0598AA_AS.fasta
1432,/home/sam/moria/enterobase_db/ESC_GA6049AA_AS.fasta
1433,/home/sam/moria/enterobase_db/ESC_PA0613AA_AS.fasta
1434,/home/sam/moria/enterobase_db/ESC_OA1684AA_AS.fasta
1435,/home/sam/moria/enterobase_db/ESC_PA2716AA_AS.fasta
1436,/home/sam/moria/enterobase_db/ESC_GA6068AA_AS.fasta
1437,/home/sam/moria/enterobase_db/ESC_PA2934AA_AS.fasta
1438,/home/sam/moria/enterobase_db/ESC_GA5951AA_AS.fasta
